status,visibility,sku,store_view_code,attribute_set_code,product_type,product_websites,url_key,name,description,short_description,product_online,price,special_price,special_price_from_date,special_price_to_date,qty,is_in_stock,tax_class_id,categories,configurable_variation_labels,additional_attributes,configurable_variations
1,Not Visible Individually,A009604-PZ,,Default,simple,base,SCIARPA-LEGGERA-60-X-180-BORDEAUX-A009604-PZ,SCIARPA LEGGERA 60 X 180 BORDEAUX,,,1,20.000000,0,1990-01-01,1990-01-01,0.000000,1,,Default Category,sys_size=Taglia,"sys_category=118,sys_color=C1675,sys_color_description=BORDEAUX,sys_color_hex=752534,sys_modello=IR 12030SI 321,sys_size=PZ,composizione=100% POLIESTERE,gruppo_articoli=AC-ACCESSORI,variante=SI,campagna_acquisti=AI21,cod=IR 12030SI 321-C1675-PZ,sys_barcode=2100037465013",
1,"Catalog, Search",A009604,,Default,configurable,base,SCIARPA-LEGGERA-60-X-180-BORDEAUX-A009604,SCIARPA LEGGERA 60 X 180 BORDEAUX,,,1,20.000000,0,1990-01-01,1990-01-01,0.000000,1,,Default Category,sys_size=Taglia,"sys_category=118,sys_color=C1675,sys_color_description=BORDEAUX,sys_color_hex=752534,sys_modello=IR 12030SI 321,sys_size=PZ,composizione=100% POLIESTERE,gruppo_articoli=AC-ACCESSORI,variante=SI,campagna_acquisti=AI21,cod=IR 12030SI 321-C1675,sys_barcode=2100037465013","sku=A009604-PZ,sys_size=PZ"
1,Not Visible Individually,A011453-IV,,Default,simple,base,CINTURA-CON-FIBBIA-ROTONDA-NERO-A011453-IV,CINTURA CON FIBBIA ROTONDA NERO,,,1,10.000000,0,1990-01-01,1990-01-01,0.000000,1,,Default Category,sys_size=Taglia,"sys_category=118,sys_color=C1199,sys_color_description=NERO,sys_color_hex=10101,sys_modello=CP 10067CI 322,sys_size=IV,gruppo_articoli=AC-ACCESSORI,variante=CI,campagna_acquisti=AI22,cod=CP 10067CI 322-C1199-IV,sys_barcode=2100039314043",
1,Not Visible Individually,A011453-I,,Default,simple,base,CINTURA-CON-FIBBIA-ROTONDA-NERO-A011453-I,CINTURA CON FIBBIA ROTONDA NERO,,,1,10.000000,0,1990-01-01,1990-01-01,0.000000,1,,Default Category,sys_size=Taglia,"sys_category=118,sys_color=C1199,sys_color_description=NERO,sys_color_hex=10101,sys_modello=CP 10067CI 322,sys_size=I,gruppo_articoli=AC-ACCESSORI,variante=CI,campagna_acquisti=AI22,cod=CP 10067CI 322-C1199-I,sys_barcode=2100039314012",
1,Not Visible Individually,A011453-II,,Default,simple,base,CINTURA-CON-FIBBIA-ROTONDA-NERO-A011453-II,CINTURA CON FIBBIA ROTONDA NERO,,,1,10.000000,0,1990-01-01,1990-01-01,0.000000,1,,Default Category,sys_size=Taglia,"sys_category=118,sys_color=C1199,sys_color_description=NERO,sys_color_hex=10101,sys_modello=CP 10067CI 322,sys_size=II,gruppo_articoli=AC-ACCESSORI,variante=CI,campagna_acquisti=AI22,cod=CP 10067CI 322-C1199-II,sys_barcode=2100039314029",
1,Not Visible Individually,A011453-III,,Default,simple,base,CINTURA-CON-FIBBIA-ROTONDA-NERO-A011453-III,CINTURA CON FIBBIA ROTONDA NERO,,,1,10.000000,0,1990-01-01,1990-01-01,0.000000,1,,Default Category,sys_size=Taglia,"sys_category=118,sys_color=C1199,sys_color_description=NERO,sys_color_hex=10101,sys_modello=CP 10067CI 322,sys_size=III,gruppo_articoli=AC-ACCESSORI,variante=CI,campagna_acquisti=AI22,cod=CP 10067CI 322-C1199-III,sys_barcode=2100039314036",
1,Not Visible Individually,A011453-V,,Default,simple,base,CINTURA-CON-FIBBIA-ROTONDA-NERO-A011453-V,CINTURA CON FIBBIA ROTONDA NERO,,,1,10.000000,0,1990-01-01,1990-01-01,0.000000,1,,Default Category,sys_size=Taglia,"sys_category=118,sys_color=C1199,sys_color_description=NERO,sys_color_hex=10101,sys_modello=CP 10067CI 322,sys_size=V,gruppo_articoli=AC-ACCESSORI,variante=CI,campagna_acquisti=AI22,cod=CP 10067CI 322-C1199-V,sys_barcode=2100039314050",
1,"Catalog, Search",A011453,,Default,configurable,base,CINTURA-CON-FIBBIA-ROTONDA-NERO-A011453,CINTURA CON FIBBIA ROTONDA NERO,,,1,10.000000,0,1990-01-01,1990-01-01,0.000000,1,,Default Category,sys_size=Taglia,"sys_category=118,sys_color=C1199,sys_color_description=NERO,sys_color_hex=10101,sys_modello=CP 10067CI 322,sys_size=V,gruppo_articoli=AC-ACCESSORI,variante=CI,campagna_acquisti=AI22,cod=CP 10067CI 322-C1199,sys_barcode=2100039314043|2100039314012|2100039314029|2100039314036|2100039314050","sku=A011453-IV,sys_size=IV|sku=A011453-I,sys_size=I|sku=A011453-II,sys_size=II|sku=A011453-III,sys_size=III|sku=A011453-V,sys_size=V"
1,Not Visible Individually,A009590-PZ,,Default,simple,base,SCIARPA-PIED-DE-POULE-GEOMETRICO-LANA-VISCOSA-32-X-190-CM-ROSSO-A009590-PZ,SCIARPA PIED DE POULE GEOMETRICO LANA VISCOSA 32 X 190 CM ROSSO,,,1,20.000000,0,1990-01-01,1990-01-01,0.000000,1,,Default Category,sys_size=Taglia,"sys_category=118,sys_color=C1640,sys_color_description=ROSSO,sys_color_hex=ad0000,sys_modello=IO 12022SI 321,sys_size=PZ,composizione=53% VISCOSA 35% LANA 9% NYLON 2% POLIESTERE 1% ACRILICO,gruppo_articoli=AC-ACCESSORI,variante=SI,campagna_acquisti=AI21,cod=IO 12022SI 321-C1640-PZ,sys_barcode=2100037451016",
1,"Catalog, Search",A009590,,Default,configurable,base,SCIARPA-PIED-DE-POULE-GEOMETRICO-LANA-VISCOSA-32-X-190-CM-ROSSO-A009590,SCIARPA PIED DE POULE GEOMETRICO LANA VISCOSA 32 X 190 CM ROSSO,,,1,20.000000,0,1990-01-01,1990-01-01,0.000000,1,,Default Category,sys_size=Taglia,"sys_category=118,sys_color=C1640,sys_color_description=ROSSO,sys_color_hex=ad0000,sys_modello=IO 12022SI 321,sys_size=PZ,composizione=53% VISCOSA 35% LANA 9% NYLON 2% POLIESTERE 1% ACRILICO,gruppo_articoli=AC-ACCESSORI,variante=SI,campagna_acquisti=AI21,cod=IO 12022SI 321-C1640,sys_barcode=2100037451016","sku=A009590-PZ,sys_size=PZ"
1,Not Visible Individually,A011375-PZ,,Default,simple,base,MARSUPIO-DOPPIA-TASCA-VERDE-MILITARE-A011375-PZ,MARSUPIO DOPPIA TASCA VERDE MILITARE,,,1,12.000000,0,1990-01-01,1990-01-01,10.000000,1,,Default Category,sys_size=Taglia,"sys_category=118,sys_color=C1370,sys_color_description=VERDE MILITARE,sys_color_hex=797d66,sys_modello=LX 10076BS 322,sys_size=PZ,gruppo_articoli=AC-ACCESSORI,variante=BS,campagna_acquisti=AI22,cod=LX 10076BS 322-C1370-PZ,sys_barcode=2100039236017",
1,"Catalog, Search",A011375,,Default,configurable,base,MARSUPIO-DOPPIA-TASCA-VERDE-MILITARE-A011375,MARSUPIO DOPPIA TASCA VERDE MILITARE,,,1,12.000000,0,1990-01-01,1990-01-01,10.000000,1,,Default Category,sys_size=Taglia,"sys_category=118,sys_color=C1370,sys_color_description=VERDE MILITARE,sys_color_hex=797d66,sys_modello=LX 10076BS 322,sys_size=PZ,gruppo_articoli=AC-ACCESSORI,variante=BS,campagna_acquisti=AI22,cod=LX 10076BS 322-C1370,sys_barcode=2100039236017","sku=A011375-PZ,sys_size=PZ"
1,Not Visible Individually,A011376-PZ,,Default,simple,base,MARSUPIO-DOPPIA-TASCA-G.CHIARO-A011376-PZ,MARSUPIO DOPPIA TASCA G.CHIARO,,,1,12.000000,0,1990-01-01,1990-01-01,10.000000,1,,Default Category,sys_size=Taglia,"sys_category=118,sys_color=C2101,sys_color_description=G.CHIARO,sys_color_hex=dbdbdb,sys_modello=LX 10076BS 322,sys_size=PZ,gruppo_articoli=AC-ACCESSORI,variante=BS,campagna_acquisti=AI22,cod=LX 10076BS 322-C2101-PZ,sys_barcode=2100039237014",
1,"Catalog, Search",A011376,,Default,configurable,base,MARSUPIO-DOPPIA-TASCA-G.CHIARO-A011376,MARSUPIO DOPPIA TASCA G.CHIARO,,,1,12.000000,0,1990-01-01,1990-01-01,10.000000,1,,Default Category,sys_size=Taglia,"sys_category=118,sys_color=C2101,sys_color_description=G.CHIARO,sys_color_hex=dbdbdb,sys_modello=LX 10076BS 322,sys_size=PZ,gruppo_articoli=AC-ACCESSORI,variante=BS,campagna_acquisti=AI22,cod=LX 10076BS 322-C2101,sys_barcode=2100039237014","sku=A011376-PZ,sys_size=PZ"
1,Not Visible Individually,A011377-PZ,,Default,simple,base,MARSUPIO-DOPPIA-TASCA-OCRA-A011377-PZ,MARSUPIO DOPPIA TASCA OCRA,,,1,12.000000,0,1990-01-01,1990-01-01,0.000000,1,,Default Category,sys_size=Taglia,"sys_category=118,sys_color=C1515,sys_color_description=OCRA,sys_color_hex=be9106,sys_modello=LX 10076BS 322,sys_size=PZ,gruppo_articoli=AC-ACCESSORI,variante=BS,campagna_acquisti=AI22,cod=LX 10076BS 322-C1515-PZ,sys_barcode=2100039238011",
1,"Catalog, Search",A011377,,Default,configurable,base,MARSUPIO-DOPPIA-TASCA-OCRA-A011377,MARSUPIO DOPPIA TASCA OCRA,,,1,12.000000,0,1990-01-01,1990-01-01,0.000000,1,,Default Category,sys_size=Taglia,"sys_category=118,sys_color=C1515,sys_color_description=OCRA,sys_color_hex=be9106,sys_modello=LX 10076BS 322,sys_size=PZ,gruppo_articoli=AC-ACCESSORI,variante=BS,campagna_acquisti=AI22,cod=LX 10076BS 322-C1515,sys_barcode=2100039238011","sku=A011377-PZ,sys_size=PZ"
1,Not Visible Individually,A011594-PZ,,Default,simple,base,MARSUPIO-DOPPIA-TASCA-ALBICOCCA-A011594-PZ,MARSUPIO DOPPIA TASCA ALBICOCCA,,,1,12.000000,0,1990-01-01,1990-01-01,10.000000,1,,Default Category,sys_size=Taglia,"sys_category=118,sys_color=C1533,sys_color_description=ALBICOCCA,sys_color_hex=fbab71,sys_modello=LX 10076BS 322,sys_size=PZ,gruppo_articoli=AC-ACCESSORI,variante=BS,campagna_acquisti=AI22,cod=LX 10076BS 322-C1533-PZ,sys_barcode=2100039455012",
1,"Catalog, Search",A011594,,Default,configurable,base,MARSUPIO-DOPPIA-TASCA-ALBICOCCA-A011594,MARSUPIO DOPPIA TASCA ALBICOCCA,,,1,12.000000,0,1990-01-01,1990-01-01,10.000000,1,,Default Category,sys_size=Taglia,"sys_category=118,sys_color=C1533,sys_color_description=ALBICOCCA,sys_color_hex=fbab71,sys_modello=LX 10076BS 322,sys_size=PZ,gruppo_articoli=AC-ACCESSORI,variante=BS,campagna_acquisti=AI22,cod=LX 10076BS 322-C1533,sys_barcode=2100039455012","sku=A011594-PZ,sys_size=PZ"
1,Not Visible Individually,A011464-IV,,Default,simple,base,CINTURA-CON-RICAMO-IN-PUNTA-MORO-A011464-IV,CINTURA CON RICAMO IN PUNTA MORO,,,1,10.000000,0,1990-01-01,1990-01-01,0.000000,1,,Default Category,sys_size=Taglia,"sys_category=118,sys_color=C1590,sys_color_description=MORO,sys_color_hex=261202,sys_modello=CP 10068CI 322,sys_size=IV,gruppo_articoli=AC-ACCESSORI,variante=CI,campagna_acquisti=AI22,cod=CP 10068CI 322-C1590-IV,sys_barcode=2100039325049",
1,Not Visible Individually,A011464-II,,Default,simple,base,CINTURA-CON-RICAMO-IN-PUNTA-MORO-A011464-II,CINTURA CON RICAMO IN PUNTA MORO,,,1,10.000000,0,1990-01-01,1990-01-01,0.000000,1,,Default Category,sys_size=Taglia,"sys_category=118,sys_color=C1590,sys_color_description=MORO,sys_color_hex=261202,sys_modello=CP 10068CI 322,sys_size=II,gruppo_articoli=AC-ACCESSORI,variante=CI,campagna_acquisti=AI22,cod=CP 10068CI 322-C1590-II,sys_barcode=2100039325025",
1,Not Visible Individually,A011464-V,,Default,simple,base,CINTURA-CON-RICAMO-IN-PUNTA-MORO-A011464-V,CINTURA CON RICAMO IN PUNTA MORO,,,1,10.000000,0,1990-01-01,1990-01-01,0.000000,1,,Default Category,sys_size=Taglia,"sys_category=118,sys_color=C1590,sys_color_description=MORO,sys_color_hex=261202,sys_modello=CP 10068CI 322,sys_size=V,gruppo_articoli=AC-ACCESSORI,variante=CI,campagna_acquisti=AI22,cod=CP 10068CI 322-C1590-V,sys_barcode=2100039325056",
1,Not Visible Individually,A011464-I,,Default,simple,base,CINTURA-CON-RICAMO-IN-PUNTA-MORO-A011464-I,CINTURA CON RICAMO IN PUNTA MORO,,,1,10.000000,0,1990-01-01,1990-01-01,0.000000,1,,Default Category,sys_size=Taglia,"sys_category=118,sys_color=C1590,sys_color_description=MORO,sys_color_hex=261202,sys_modello=CP 10068CI 322,sys_size=I,gruppo_articoli=AC-ACCESSORI,variante=CI,campagna_acquisti=AI22,cod=CP 10068CI 322-C1590-I,sys_barcode=2100039325018",
1,Not Visible Individually,A011464-III,,Default,simple,base,CINTURA-CON-RICAMO-IN-PUNTA-MORO-A011464-III,CINTURA CON RICAMO IN PUNTA MORO,,,1,10.000000,0,1990-01-01,1990-01-01,0.000000,1,,Default Category,sys_size=Taglia,"sys_category=118,sys_color=C1590,sys_color_description=MORO,sys_color_hex=261202,sys_modello=CP 10068CI 322,sys_size=III,gruppo_articoli=AC-ACCESSORI,variante=CI,campagna_acquisti=AI22,cod=CP 10068CI 322-C1590-III,sys_barcode=2100039325032",
1,"Catalog, Search",A011464,,Default,configurable,base,CINTURA-CON-RICAMO-IN-PUNTA-MORO-A011464,CINTURA CON RICAMO IN PUNTA MORO,,,1,10.000000,0,1990-01-01,1990-01-01,0.000000,1,,Default Category,sys_size=Taglia,"sys_category=118,sys_color=C1590,sys_color_description=MORO,sys_color_hex=261202,sys_modello=CP 10068CI 322,sys_size=III,gruppo_articoli=AC-ACCESSORI,variante=CI,campagna_acquisti=AI22,cod=CP 10068CI 322-C1590,sys_barcode=2100039325049|2100039325025|2100039325056|2100039325018|2100039325032","sku=A011464-IV,sys_size=IV|sku=A011464-II,sys_size=II|sku=A011464-V,sys_size=V|sku=A011464-I,sys_size=I|sku=A011464-III,sys_size=III"
1,Not Visible Individually,A011421-PZ,,Default,simple,base,MARSUPIO-ASIMMETRICO-NERO-A011421-PZ,MARSUPIO ASIMMETRICO NERO,,,1,20.000000,0,1990-01-01,1990-01-01,0.000000,1,,Default Category,sys_size=Taglia,"sys_category=118,sys_color=C1199,sys_color_description=NERO,sys_color_hex=10101,sys_modello=EJ 10074BS 322,sys_size=PZ,composizione=95% POLIESTERE 5% PVC,gruppo_articoli=AC-ACCESSORI,variante=BS,campagna_acquisti=AI22,cod=EJ 10074BS 322-C1199-PZ,sys_barcode=2100039282014",
1,"Catalog, Search",A011421,,Default,configurable,base,MARSUPIO-ASIMMETRICO-NERO-A011421,MARSUPIO ASIMMETRICO NERO,,,1,20.000000,0,1990-01-01,1990-01-01,0.000000,1,,Default Category,sys_size=Taglia,"sys_category=118,sys_color=C1199,sys_color_description=NERO,sys_color_hex=10101,sys_modello=EJ 10074BS 322,sys_size=PZ,composizione=95% POLIESTERE 5% PVC,gruppo_articoli=AC-ACCESSORI,variante=BS,campagna_acquisti=AI22,cod=EJ 10074BS 322-C1199,sys_barcode=2100039282014","sku=A011421-PZ,sys_size=PZ"
1,Not Visible Individually,A009606-IV,,Default,simple,base,CINTURA-CUOIO-VOLLONATO-EFFETTO-USED-FIBBIA-SILVER-AMERICA-NERO-A009606-IV,CINTURA CUOIO VOLLONATO EFFETTO USED FIBBIA SILVER AMERICA NERO,,,1,20.000000,10.000000,2022-07-01,2022-12-31,0.000000,1,,Default Category,sys_size=Taglia,"sys_category=118,sys_color=C1199,sys_color_description=NERO,sys_color_hex=10101,sys_modello=IR 10035CI 321,sys_size=IV,composizione=100% PELLE,gruppo_articoli=AC-ACCESSORI,variante=CI,campagna_acquisti=AI21,cod=IR 10035CI 321-C1199-IV,sys_barcode=2100037467048",
1,Not Visible Individually,A009606-II,,Default,simple,base,CINTURA-CUOIO-VOLLONATO-EFFETTO-USED-FIBBIA-SILVER-AMERICA-NERO-A009606-II,CINTURA CUOIO VOLLONATO EFFETTO USED FIBBIA SILVER AMERICA NERO,,,1,20.000000,10.000000,2022-07-01,2022-12-31,0.000000,1,,Default Category,sys_size=Taglia,"sys_category=118,sys_color=C1199,sys_color_description=NERO,sys_color_hex=10101,sys_modello=IR 10035CI 321,sys_size=II,composizione=100% PELLE,gruppo_articoli=AC-ACCESSORI,variante=CI,campagna_acquisti=AI21,cod=IR 10035CI 321-C1199-II,sys_barcode=2100037467024",
1,Not Visible Individually,A009606-I,,Default,simple,base,CINTURA-CUOIO-VOLLONATO-EFFETTO-USED-FIBBIA-SILVER-AMERICA-NERO-A009606-I,CINTURA CUOIO VOLLONATO EFFETTO USED FIBBIA SILVER AMERICA NERO,,,1,20.000000,10.000000,2022-07-01,2022-12-31,0.000000,1,,Default Category,sys_size=Taglia,"sys_category=118,sys_color=C1199,sys_color_description=NERO,sys_color_hex=10101,sys_modello=IR 10035CI 321,sys_size=I,composizione=100% PELLE,gruppo_articoli=AC-ACCESSORI,variante=CI,campagna_acquisti=AI21,cod=IR 10035CI 321-C1199-I,sys_barcode=2100037467017",
1,Not Visible Individually,A009606-III,,Default,simple,base,CINTURA-CUOIO-VOLLONATO-EFFETTO-USED-FIBBIA-SILVER-AMERICA-NERO-A009606-III,CINTURA CUOIO VOLLONATO EFFETTO USED FIBBIA SILVER AMERICA NERO,,,1,20.000000,10.000000,2022-07-01,2022-12-31,0.000000,1,,Default Category,sys_size=Taglia,"sys_category=118,sys_color=C1199,sys_color_description=NERO,sys_color_hex=10101,sys_modello=IR 10035CI 321,sys_size=III,composizione=100% PELLE,gruppo_articoli=AC-ACCESSORI,variante=CI,campagna_acquisti=AI21,cod=IR 10035CI 321-C1199-III,sys_barcode=2100037467031",
1,Not Visible Individually,A009606-V,,Default,simple,base,CINTURA-CUOIO-VOLLONATO-EFFETTO-USED-FIBBIA-SILVER-AMERICA-NERO-A009606-V,CINTURA CUOIO VOLLONATO EFFETTO USED FIBBIA SILVER AMERICA NERO,,,1,20.000000,10.000000,2022-07-01,2022-12-31,0.000000,1,,Default Category,sys_size=Taglia,"sys_category=118,sys_color=C1199,sys_color_description=NERO,sys_color_hex=10101,sys_modello=IR 10035CI 321,sys_size=V,composizione=100% PELLE,gruppo_articoli=AC-ACCESSORI,variante=CI,campagna_acquisti=AI21,cod=IR 10035CI 321-C1199-V,sys_barcode=2100037467055",
1,"Catalog, Search",A009606,,Default,configurable,base,CINTURA-CUOIO-VOLLONATO-EFFETTO-USED-FIBBIA-SILVER-AMERICA-NERO-A009606,CINTURA CUOIO VOLLONATO EFFETTO USED FIBBIA SILVER AMERICA NERO,,,1,20.000000,10.000000,2022-07-01,2022-12-31,0.000000,1,,Default Category,sys_size=Taglia,"sys_category=118,sys_color=C1199,sys_color_description=NERO,sys_color_hex=10101,sys_modello=IR 10035CI 321,sys_size=V,composizione=100% PELLE,gruppo_articoli=AC-ACCESSORI,variante=CI,campagna_acquisti=AI21,cod=IR 10035CI 321-C1199,sys_barcode=2100037467048|2100037467024|2100037467017|2100037467031|2100037467055","sku=A009606-IV,sys_size=IV|sku=A009606-II,sys_size=II|sku=A009606-I,sys_size=I|sku=A009606-III,sys_size=III|sku=A009606-V,sys_size=V"
1,Not Visible Individually,A009607-III,,Default,simple,base,CINTURA-CUOIO-VOLLONATO-EFFETTO-USED-FIBBIA-SILVER-AMERICA-MORO-A009607-III,CINTURA CUOIO VOLLONATO EFFETTO USED FIBBIA SILVER AMERICA MORO,,,1,20.000000,10.000000,2022-07-01,2022-12-31,0.000000,1,,Default Category,sys_size=Taglia,"sys_category=118,sys_color=C1590,sys_color_description=MORO,sys_color_hex=261202,sys_modello=IR 10035CI 321,sys_size=III,composizione=100% PELLE,gruppo_articoli=AC-ACCESSORI,variante=CI,campagna_acquisti=AI21,cod=IR 10035CI 321-C1590-III,sys_barcode=2100037468038",
1,Not Visible Individually,A009607-I,,Default,simple,base,CINTURA-CUOIO-VOLLONATO-EFFETTO-USED-FIBBIA-SILVER-AMERICA-MORO-A009607-I,CINTURA CUOIO VOLLONATO EFFETTO USED FIBBIA SILVER AMERICA MORO,,,1,20.000000,10.000000,2022-07-01,2022-12-31,0.000000,1,,Default Category,sys_size=Taglia,"sys_category=118,sys_color=C1590,sys_color_description=MORO,sys_color_hex=261202,sys_modello=IR 10035CI 321,sys_size=I,composizione=100% PELLE,gruppo_articoli=AC-ACCESSORI,variante=CI,campagna_acquisti=AI21,cod=IR 10035CI 321-C1590-I,sys_barcode=2100037468014",
1,Not Visible Individually,A009607-IV,,Default,simple,base,CINTURA-CUOIO-VOLLONATO-EFFETTO-USED-FIBBIA-SILVER-AMERICA-MORO-A009607-IV,CINTURA CUOIO VOLLONATO EFFETTO USED FIBBIA SILVER AMERICA MORO,,,1,20.000000,10.000000,2022-07-01,2022-12-31,0.000000,1,,Default Category,sys_size=Taglia,"sys_category=118,sys_color=C1590,sys_color_description=MORO,sys_color_hex=261202,sys_modello=IR 10035CI 321,sys_size=IV,composizione=100% PELLE,gruppo_articoli=AC-ACCESSORI,variante=CI,campagna_acquisti=AI21,cod=IR 10035CI 321-C1590-IV,sys_barcode=2100037468045",
1,Not Visible Individually,A009607-II,,Default,simple,base,CINTURA-CUOIO-VOLLONATO-EFFETTO-USED-FIBBIA-SILVER-AMERICA-MORO-A009607-II,CINTURA CUOIO VOLLONATO EFFETTO USED FIBBIA SILVER AMERICA MORO,,,1,20.000000,10.000000,2022-07-01,2022-12-31,0.000000,1,,Default Category,sys_size=Taglia,"sys_category=118,sys_color=C1590,sys_color_description=MORO,sys_color_hex=261202,sys_modello=IR 10035CI 321,sys_size=II,composizione=100% PELLE,gruppo_articoli=AC-ACCESSORI,variante=CI,campagna_acquisti=AI21,cod=IR 10035CI 321-C1590-II,sys_barcode=2100037468021",
1,Not Visible Individually,A009607-V,,Default,simple,base,CINTURA-CUOIO-VOLLONATO-EFFETTO-USED-FIBBIA-SILVER-AMERICA-MORO-A009607-V,CINTURA CUOIO VOLLONATO EFFETTO USED FIBBIA SILVER AMERICA MORO,,,1,20.000000,10.000000,2022-07-01,2022-12-31,0.000000,1,,Default Category,sys_size=Taglia,"sys_category=118,sys_color=C1590,sys_color_description=MORO,sys_color_hex=261202,sys_modello=IR 10035CI 321,sys_size=V,composizione=100% PELLE,gruppo_articoli=AC-ACCESSORI,variante=CI,campagna_acquisti=AI21,cod=IR 10035CI 321-C1590-V,sys_barcode=2100037468052",
1,"Catalog, Search",A009607,,Default,configurable,base,CINTURA-CUOIO-VOLLONATO-EFFETTO-USED-FIBBIA-SILVER-AMERICA-MORO-A009607,CINTURA CUOIO VOLLONATO EFFETTO USED FIBBIA SILVER AMERICA MORO,,,1,20.000000,10.000000,2022-07-01,2022-12-31,0.000000,1,,Default Category,sys_size=Taglia,"sys_category=118,sys_color=C1590,sys_color_description=MORO,sys_color_hex=261202,sys_modello=IR 10035CI 321,sys_size=V,composizione=100% PELLE,gruppo_articoli=AC-ACCESSORI,variante=CI,campagna_acquisti=AI21,cod=IR 10035CI 321-C1590,sys_barcode=2100037468038|2100037468014|2100037468045|2100037468021|2100037468052","sku=A009607-III,sys_size=III|sku=A009607-I,sys_size=I|sku=A009607-IV,sys_size=IV|sku=A009607-II,sys_size=II|sku=A009607-V,sys_size=V"
1,Not Visible Individually,A011370-PZ,,Default,simple,base,ZAINO-MONOSPALLA-NERO-A011370-PZ,ZAINO MONOSPALLA NERO,,,1,15.000000,0,1990-01-01,1990-01-01,10.000000,1,,Default Category,sys_size=Taglia,"sys_category=118,sys_color=C1199,sys_color_description=NERO,sys_color_hex=10101,sys_modello=LX 10075BS 322,sys_size=PZ,gruppo_articoli=AC-ACCESSORI,variante=BS,campagna_acquisti=AI22,cod=LX 10075BS 322-C1199-PZ,sys_barcode=2100039231012",
1,"Catalog, Search",A011370,,Default,configurable,base,ZAINO-MONOSPALLA-NERO-A011370,ZAINO MONOSPALLA NERO,,,1,15.000000,0,1990-01-01,1990-01-01,10.000000,1,,Default Category,sys_size=Taglia,"sys_category=118,sys_color=C1199,sys_color_description=NERO,sys_color_hex=10101,sys_modello=LX 10075BS 322,sys_size=PZ,gruppo_articoli=AC-ACCESSORI,variante=BS,campagna_acquisti=AI22,cod=LX 10075BS 322-C1199,sys_barcode=2100039231012","sku=A011370-PZ,sys_size=PZ"
1,Not Visible Individually,A011371-PZ,,Default,simple,base,ZAINO-MONOSPALLA-VERDE-MILITARE-A011371-PZ,ZAINO MONOSPALLA VERDE MILITARE,,,1,15.000000,0,1990-01-01,1990-01-01,10.000000,1,,Default Category,sys_size=Taglia,"sys_category=118,sys_color=C1370,sys_color_description=VERDE MILITARE,sys_color_hex=797d66,sys_modello=LX 10075BS 322,sys_size=PZ,gruppo_articoli=AC-ACCESSORI,variante=BS,campagna_acquisti=AI22,cod=LX 10075BS 322-C1370-PZ,sys_barcode=2100039232019",
1,"Catalog, Search",A011371,,Default,configurable,base,ZAINO-MONOSPALLA-VERDE-MILITARE-A011371,ZAINO MONOSPALLA VERDE MILITARE,,,1,15.000000,0,1990-01-01,1990-01-01,10.000000,1,,Default Category,sys_size=Taglia,"sys_category=118,sys_color=C1370,sys_color_description=VERDE MILITARE,sys_color_hex=797d66,sys_modello=LX 10075BS 322,sys_size=PZ,gruppo_articoli=AC-ACCESSORI,variante=BS,campagna_acquisti=AI22,cod=LX 10075BS 322-C1370,sys_barcode=2100039232019","sku=A011371-PZ,sys_size=PZ"
1,Not Visible Individually,A011372-PZ,,Default,simple,base,ZAINO-MONOSPALLA-G.CHIARO-A011372-PZ,ZAINO MONOSPALLA G.CHIARO,,,1,15.000000,0,1990-01-01,1990-01-01,10.000000,1,,Default Category,sys_size=Taglia,"sys_category=118,sys_color=C2101,sys_color_description=G.CHIARO,sys_color_hex=dbdbdb,sys_modello=LX 10075BS 322,sys_size=PZ,gruppo_articoli=AC-ACCESSORI,variante=BS,campagna_acquisti=AI22,cod=LX 10075BS 322-C2101-PZ,sys_barcode=2100039233016",
1,"Catalog, Search",A011372,,Default,configurable,base,ZAINO-MONOSPALLA-G.CHIARO-A011372,ZAINO MONOSPALLA G.CHIARO,,,1,15.000000,0,1990-01-01,1990-01-01,10.000000,1,,Default Category,sys_size=Taglia,"sys_category=118,sys_color=C2101,sys_color_description=G.CHIARO,sys_color_hex=dbdbdb,sys_modello=LX 10075BS 322,sys_size=PZ,gruppo_articoli=AC-ACCESSORI,variante=BS,campagna_acquisti=AI22,cod=LX 10075BS 322-C2101,sys_barcode=2100039233016","sku=A011372-PZ,sys_size=PZ"
1,Not Visible Individually,A011593-PZ,,Default,simple,base,ZAINO-MONOSPALLA-ALBICOCCA-A011593-PZ,ZAINO MONOSPALLA ALBICOCCA,,,1,15.000000,0,1990-01-01,1990-01-01,10.000000,1,,Default Category,sys_size=Taglia,"sys_category=118,sys_color=C1533,sys_color_description=ALBICOCCA,sys_color_hex=fbab71,sys_modello=LX 10075BS 322,sys_size=PZ,gruppo_articoli=AC-ACCESSORI,variante=BS,campagna_acquisti=AI22,cod=LX 10075BS 322-C1533-PZ,sys_barcode=2100039454015",
1,"Catalog, Search",A011593,,Default,configurable,base,ZAINO-MONOSPALLA-ALBICOCCA-A011593,ZAINO MONOSPALLA ALBICOCCA,,,1,15.000000,0,1990-01-01,1990-01-01,10.000000,1,,Default Category,sys_size=Taglia,"sys_category=118,sys_color=C1533,sys_color_description=ALBICOCCA,sys_color_hex=fbab71,sys_modello=LX 10075BS 322,sys_size=PZ,gruppo_articoli=AC-ACCESSORI,variante=BS,campagna_acquisti=AI22,cod=LX 10075BS 322-C1533,sys_barcode=2100039454015","sku=A011593-PZ,sys_size=PZ"
1,Not Visible Individually,A011430-PZ,,Default,simple,base,TRACOLLA-DOPPIA-TESSUTO-TECNICO-NERO-A011430-PZ,TRACOLLA DOPPIA TESSUTO TECNICO NERO,,,1,20.000000,0,1990-01-01,1990-01-01,0.000000,1,,Default Category,sys_size=Taglia,"sys_category=118,sys_color=C1199,sys_color_description=NERO,sys_color_hex=10101,sys_modello=EJ 10081BS 322,sys_size=PZ,composizione=90% POLUIESTERE 5% FERRO 5% ZINCO,gruppo_articoli=AC-ACCESSORI,variante=BS,campagna_acquisti=AI22,cod=EJ 10081BS 322-C1199-PZ,sys_barcode=2100039291016",
1,"Catalog, Search",A011430,,Default,configurable,base,TRACOLLA-DOPPIA-TESSUTO-TECNICO-NERO-A011430,TRACOLLA DOPPIA TESSUTO TECNICO NERO,,,1,20.000000,0,1990-01-01,1990-01-01,0.000000,1,,Default Category,sys_size=Taglia,"sys_category=118,sys_color=C1199,sys_color_description=NERO,sys_color_hex=10101,sys_modello=EJ 10081BS 322,sys_size=PZ,composizione=90% POLUIESTERE 5% FERRO 5% ZINCO,gruppo_articoli=AC-ACCESSORI,variante=BS,campagna_acquisti=AI22,cod=EJ 10081BS 322-C1199,sys_barcode=2100039291016","sku=A011430-PZ,sys_size=PZ"
1,Not Visible Individually,A011451-II,,Default,simple,base,CINTURA-CUCITURE-IN-CONTRASTO-VERDE-A011451-II,CINTURA CUCITURE IN CONTRASTO VERDE,,,1,10.000000,0,1990-01-01,1990-01-01,0.000000,1,,Default Category,sys_size=Taglia,"sys_category=118,sys_color=C1350,sys_color_description=VERDE,sys_color_hex=10842e,sys_modello=CP 10066CI 322,sys_size=II,gruppo_articoli=AC-ACCESSORI,variante=CI,campagna_acquisti=AI22,cod=CP 10066CI 322-C1350-II,sys_barcode=2100039312025",
1,Not Visible Individually,A011451-V,,Default,simple,base,CINTURA-CUCITURE-IN-CONTRASTO-VERDE-A011451-V,CINTURA CUCITURE IN CONTRASTO VERDE,,,1,10.000000,0,1990-01-01,1990-01-01,0.000000,1,,Default Category,sys_size=Taglia,"sys_category=118,sys_color=C1350,sys_color_description=VERDE,sys_color_hex=10842e,sys_modello=CP 10066CI 322,sys_size=V,gruppo_articoli=AC-ACCESSORI,variante=CI,campagna_acquisti=AI22,cod=CP 10066CI 322-C1350-V,sys_barcode=2100039312056",
1,Not Visible Individually,A011451-I,,Default,simple,base,CINTURA-CUCITURE-IN-CONTRASTO-VERDE-A011451-I,CINTURA CUCITURE IN CONTRASTO VERDE,,,1,10.000000,0,1990-01-01,1990-01-01,0.000000,1,,Default Category,sys_size=Taglia,"sys_category=118,sys_color=C1350,sys_color_description=VERDE,sys_color_hex=10842e,sys_modello=CP 10066CI 322,sys_size=I,gruppo_articoli=AC-ACCESSORI,variante=CI,campagna_acquisti=AI22,cod=CP 10066CI 322-C1350-I,sys_barcode=2100039312018",
1,Not Visible Individually,A011451-III,,Default,simple,base,CINTURA-CUCITURE-IN-CONTRASTO-VERDE-A011451-III,CINTURA CUCITURE IN CONTRASTO VERDE,,,1,10.000000,0,1990-01-01,1990-01-01,0.000000,1,,Default Category,sys_size=Taglia,"sys_category=118,sys_color=C1350,sys_color_description=VERDE,sys_color_hex=10842e,sys_modello=CP 10066CI 322,sys_size=III,gruppo_articoli=AC-ACCESSORI,variante=CI,campagna_acquisti=AI22,cod=CP 10066CI 322-C1350-III,sys_barcode=2100039312032",
1,Not Visible Individually,A011451-IV,,Default,simple,base,CINTURA-CUCITURE-IN-CONTRASTO-VERDE-A011451-IV,CINTURA CUCITURE IN CONTRASTO VERDE,,,1,10.000000,0,1990-01-01,1990-01-01,0.000000,1,,Default Category,sys_size=Taglia,"sys_category=118,sys_color=C1350,sys_color_description=VERDE,sys_color_hex=10842e,sys_modello=CP 10066CI 322,sys_size=IV,gruppo_articoli=AC-ACCESSORI,variante=CI,campagna_acquisti=AI22,cod=CP 10066CI 322-C1350-IV,sys_barcode=2100039312049",
1,"Catalog, Search",A011451,,Default,configurable,base,CINTURA-CUCITURE-IN-CONTRASTO-VERDE-A011451,CINTURA CUCITURE IN CONTRASTO VERDE,,,1,10.000000,0,1990-01-01,1990-01-01,0.000000,1,,Default Category,sys_size=Taglia,"sys_category=118,sys_color=C1350,sys_color_description=VERDE,sys_color_hex=10842e,sys_modello=CP 10066CI 322,sys_size=IV,gruppo_articoli=AC-ACCESSORI,variante=CI,campagna_acquisti=AI22,cod=CP 10066CI 322-C1350,sys_barcode=2100039312025|2100039312056|2100039312018|2100039312032|2100039312049","sku=A011451-II,sys_size=II|sku=A011451-V,sys_size=V|sku=A011451-I,sys_size=I|sku=A011451-III,sys_size=III|sku=A011451-IV,sys_size=IV"
1,Not Visible Individually,A011452-II,,Default,simple,base,CINTURA-CUCITURE-IN-CONTRASTO-CUOIO-A011452-II,CINTURA CUCITURE IN CONTRASTO CUOIO,,,1,10.000000,0,1990-01-01,1990-01-01,0.000000,1,,Default Category,sys_size=Taglia,"sys_category=118,sys_color=C1559,sys_color_description=CUOIO,sys_color_hex=524942,sys_modello=CP 10066CI 322,sys_size=II,gruppo_articoli=AC-ACCESSORI,variante=CI,campagna_acquisti=AI22,cod=CP 10066CI 322-C1559-II,sys_barcode=2100039313022",
1,Not Visible Individually,A011452-V,,Default,simple,base,CINTURA-CUCITURE-IN-CONTRASTO-CUOIO-A011452-V,CINTURA CUCITURE IN CONTRASTO CUOIO,,,1,10.000000,0,1990-01-01,1990-01-01,0.000000,1,,Default Category,sys_size=Taglia,"sys_category=118,sys_color=C1559,sys_color_description=CUOIO,sys_color_hex=524942,sys_modello=CP 10066CI 322,sys_size=V,gruppo_articoli=AC-ACCESSORI,variante=CI,campagna_acquisti=AI22,cod=CP 10066CI 322-C1559-V,sys_barcode=2100039313053",
1,Not Visible Individually,A011452-IV,,Default,simple,base,CINTURA-CUCITURE-IN-CONTRASTO-CUOIO-A011452-IV,CINTURA CUCITURE IN CONTRASTO CUOIO,,,1,10.000000,0,1990-01-01,1990-01-01,0.000000,1,,Default Category,sys_size=Taglia,"sys_category=118,sys_color=C1559,sys_color_description=CUOIO,sys_color_hex=524942,sys_modello=CP 10066CI 322,sys_size=IV,gruppo_articoli=AC-ACCESSORI,variante=CI,campagna_acquisti=AI22,cod=CP 10066CI 322-C1559-IV,sys_barcode=2100039313046",
1,Not Visible Individually,A011452-III,,Default,simple,base,CINTURA-CUCITURE-IN-CONTRASTO-CUOIO-A011452-III,CINTURA CUCITURE IN CONTRASTO CUOIO,,,1,10.000000,0,1990-01-01,1990-01-01,0.000000,1,,Default Category,sys_size=Taglia,"sys_category=118,sys_color=C1559,sys_color_description=CUOIO,sys_color_hex=524942,sys_modello=CP 10066CI 322,sys_size=III,gruppo_articoli=AC-ACCESSORI,variante=CI,campagna_acquisti=AI22,cod=CP 10066CI 322-C1559-III,sys_barcode=2100039313039",
1,Not Visible Individually,A011452-I,,Default,simple,base,CINTURA-CUCITURE-IN-CONTRASTO-CUOIO-A011452-I,CINTURA CUCITURE IN CONTRASTO CUOIO,,,1,10.000000,0,1990-01-01,1990-01-01,0.000000,1,,Default Category,sys_size=Taglia,"sys_category=118,sys_color=C1559,sys_color_description=CUOIO,sys_color_hex=524942,sys_modello=CP 10066CI 322,sys_size=I,gruppo_articoli=AC-ACCESSORI,variante=CI,campagna_acquisti=AI22,cod=CP 10066CI 322-C1559-I,sys_barcode=2100039313015",
1,"Catalog, Search",A011452,,Default,configurable,base,CINTURA-CUCITURE-IN-CONTRASTO-CUOIO-A011452,CINTURA CUCITURE IN CONTRASTO CUOIO,,,1,10.000000,0,1990-01-01,1990-01-01,0.000000,1,,Default Category,sys_size=Taglia,"sys_category=118,sys_color=C1559,sys_color_description=CUOIO,sys_color_hex=524942,sys_modello=CP 10066CI 322,sys_size=I,gruppo_articoli=AC-ACCESSORI,variante=CI,campagna_acquisti=AI22,cod=CP 10066CI 322-C1559,sys_barcode=2100039313022|2100039313053|2100039313046|2100039313039|2100039313015","sku=A011452-II,sys_size=II|sku=A011452-V,sys_size=V|sku=A011452-IV,sys_size=IV|sku=A011452-III,sys_size=III|sku=A011452-I,sys_size=I"
1,Not Visible Individually,A011461-III,,Default,simple,base,CINTURA-REVERSIBILE-NERO-A011461-III,CINTURA REVERSIBILE NERO,,,1,15.000000,0,1990-01-01,1990-01-01,0.000000,1,,Default Category,sys_size=Taglia,"sys_category=118,sys_color=C1199,sys_color_description=NERO,sys_color_hex=10101,sys_modello=CP 10073CI 322,sys_size=III,gruppo_articoli=AC-ACCESSORI,variante=CI,campagna_acquisti=AI22,cod=CP 10073CI 322-C1199-III,sys_barcode=2100039322031",
1,Not Visible Individually,A011461-II,,Default,simple,base,CINTURA-REVERSIBILE-NERO-A011461-II,CINTURA REVERSIBILE NERO,,,1,15.000000,0,1990-01-01,1990-01-01,0.000000,1,,Default Category,sys_size=Taglia,"sys_category=118,sys_color=C1199,sys_color_description=NERO,sys_color_hex=10101,sys_modello=CP 10073CI 322,sys_size=II,gruppo_articoli=AC-ACCESSORI,variante=CI,campagna_acquisti=AI22,cod=CP 10073CI 322-C1199-II,sys_barcode=2100039322024",
1,Not Visible Individually,A011461-I,,Default,simple,base,CINTURA-REVERSIBILE-NERO-A011461-I,CINTURA REVERSIBILE NERO,,,1,15.000000,0,1990-01-01,1990-01-01,0.000000,1,,Default Category,sys_size=Taglia,"sys_category=118,sys_color=C1199,sys_color_description=NERO,sys_color_hex=10101,sys_modello=CP 10073CI 322,sys_size=I,gruppo_articoli=AC-ACCESSORI,variante=CI,campagna_acquisti=AI22,cod=CP 10073CI 322-C1199-I,sys_barcode=2100039322017",
1,Not Visible Individually,A011461-IV,,Default,simple,base,CINTURA-REVERSIBILE-NERO-A011461-IV,CINTURA REVERSIBILE NERO,,,1,15.000000,0,1990-01-01,1990-01-01,0.000000,1,,Default Category,sys_size=Taglia,"sys_category=118,sys_color=C1199,sys_color_description=NERO,sys_color_hex=10101,sys_modello=CP 10073CI 322,sys_size=IV,gruppo_articoli=AC-ACCESSORI,variante=CI,campagna_acquisti=AI22,cod=CP 10073CI 322-C1199-IV,sys_barcode=2100039322048",
1,Not Visible Individually,A011461-V,,Default,simple,base,CINTURA-REVERSIBILE-NERO-A011461-V,CINTURA REVERSIBILE NERO,,,1,15.000000,0,1990-01-01,1990-01-01,0.000000,1,,Default Category,sys_size=Taglia,"sys_category=118,sys_color=C1199,sys_color_description=NERO,sys_color_hex=10101,sys_modello=CP 10073CI 322,sys_size=V,gruppo_articoli=AC-ACCESSORI,variante=CI,campagna_acquisti=AI22,cod=CP 10073CI 322-C1199-V,sys_barcode=2100039322055",
1,"Catalog, Search",A011461,,Default,configurable,base,CINTURA-REVERSIBILE-NERO-A011461,CINTURA REVERSIBILE NERO,,,1,15.000000,0,1990-01-01,1990-01-01,0.000000,1,,Default Category,sys_size=Taglia,"sys_category=118,sys_color=C1199,sys_color_description=NERO,sys_color_hex=10101,sys_modello=CP 10073CI 322,sys_size=V,gruppo_articoli=AC-ACCESSORI,variante=CI,campagna_acquisti=AI22,cod=CP 10073CI 322-C1199,sys_barcode=2100039322031|2100039322024|2100039322017|2100039322048|2100039322055","sku=A011461-III,sys_size=III|sku=A011461-II,sys_size=II|sku=A011461-I,sys_size=I|sku=A011461-IV,sys_size=IV|sku=A011461-V,sys_size=V"
1,Not Visible Individually,A009599-PZ,,Default,simple,base,SCIARPA-MULTICOLOR-MOHAIR-55X-180-+-10X2-ANTRACITE-A009599-PZ,SCIARPA MULTICOLOR MOHAIR 55X 180 + 10X2 ANTRACITE,,,1,20.000000,0,1990-01-01,1990-01-01,0.000000,1,,Default Category,sys_size=Taglia,"sys_category=118,sys_color=C1190,sys_color_description=ANTRACITE,sys_color_hex=686868,sys_modello=IR 12025SI 321,sys_size=PZ,composizione=100% POLIESTERE,gruppo_articoli=AC-ACCESSORI,variante=SI,campagna_acquisti=AI21,cod=IR 12025SI 321-C1190-PZ,sys_barcode=2100037460018",
1,"Catalog, Search",A009599,,Default,configurable,base,SCIARPA-MULTICOLOR-MOHAIR-55X-180-+-10X2-ANTRACITE-A009599,SCIARPA MULTICOLOR MOHAIR 55X 180 + 10X2 ANTRACITE,,,1,20.000000,0,1990-01-01,1990-01-01,0.000000,1,,Default Category,sys_size=Taglia,"sys_category=118,sys_color=C1190,sys_color_description=ANTRACITE,sys_color_hex=686868,sys_modello=IR 12025SI 321,sys_size=PZ,composizione=100% POLIESTERE,gruppo_articoli=AC-ACCESSORI,variante=SI,campagna_acquisti=AI21,cod=IR 12025SI 321-C1190,sys_barcode=2100037460018","sku=A009599-PZ,sys_size=PZ"
1,Not Visible Individually,A009600-PZ,,Default,simple,base,SCIARPA-MULTICOLOR-MOHAIR-55X-180-+-10X2-BLUETTE-A009600-PZ,SCIARPA MULTICOLOR MOHAIR 55X 180 + 10X2 BLUETTE,,,1,20.000000,0,1990-01-01,1990-01-01,0.000000,1,,Default Category,sys_size=Taglia,"sys_category=118,sys_color=C1250,sys_color_description=BLUETTE,sys_color_hex=33395,sys_modello=IR 12025SI 321,sys_size=PZ,composizione=100% POLIESTERE,gruppo_articoli=AC-ACCESSORI,variante=SI,campagna_acquisti=AI21,cod=IR 12025SI 321-C1250-PZ,sys_barcode=2100037461015",
1,"Catalog, Search",A009600,,Default,configurable,base,SCIARPA-MULTICOLOR-MOHAIR-55X-180-+-10X2-BLUETTE-A009600,SCIARPA MULTICOLOR MOHAIR 55X 180 + 10X2 BLUETTE,,,1,20.000000,0,1990-01-01,1990-01-01,0.000000,1,,Default Category,sys_size=Taglia,"sys_category=118,sys_color=C1250,sys_color_description=BLUETTE,sys_color_hex=33395,sys_modello=IR 12025SI 321,sys_size=PZ,composizione=100% POLIESTERE,gruppo_articoli=AC-ACCESSORI,variante=SI,campagna_acquisti=AI21,cod=IR 12025SI 321-C1250,sys_barcode=2100037461015","sku=A009600-PZ,sys_size=PZ"
1,Not Visible Individually,A009610-II,,Default,simple,base,CINTURA-CUOIO-VOLLONATO-FIBBIA-OVALE-ORO-MORO-A009610-II,CINTURA CUOIO VOLLONATO FIBBIA OVALE ORO MORO,,,1,29.000000,20.000000,2022-07-01,2022-12-31,0.000000,1,,Default Category,sys_size=Taglia,"sys_category=118,sys_color=C1590,sys_color_description=MORO,sys_color_hex=261202,sys_modello=IR 10036CI 321,sys_size=II,composizione=100% PELLE,gruppo_articoli=AC-ACCESSORI,variante=CI,campagna_acquisti=AI21,cod=IR 10036CI 321-C1590-II,sys_barcode=2100037471021",
1,Not Visible Individually,A009610-V,,Default,simple,base,CINTURA-CUOIO-VOLLONATO-FIBBIA-OVALE-ORO-MORO-A009610-V,CINTURA CUOIO VOLLONATO FIBBIA OVALE ORO MORO,,,1,29.000000,20.000000,2022-07-01,2022-12-31,0.000000,1,,Default Category,sys_size=Taglia,"sys_category=118,sys_color=C1590,sys_color_description=MORO,sys_color_hex=261202,sys_modello=IR 10036CI 321,sys_size=V,composizione=100% PELLE,gruppo_articoli=AC-ACCESSORI,variante=CI,campagna_acquisti=AI21,cod=IR 10036CI 321-C1590-V,sys_barcode=2100037471052",
1,Not Visible Individually,A009610-I,,Default,simple,base,CINTURA-CUOIO-VOLLONATO-FIBBIA-OVALE-ORO-MORO-A009610-I,CINTURA CUOIO VOLLONATO FIBBIA OVALE ORO MORO,,,1,29.000000,20.000000,2022-07-01,2022-12-31,0.000000,1,,Default Category,sys_size=Taglia,"sys_category=118,sys_color=C1590,sys_color_description=MORO,sys_color_hex=261202,sys_modello=IR 10036CI 321,sys_size=I,composizione=100% PELLE,gruppo_articoli=AC-ACCESSORI,variante=CI,campagna_acquisti=AI21,cod=IR 10036CI 321-C1590-I,sys_barcode=2100037471014",
1,Not Visible Individually,A009610-IV,,Default,simple,base,CINTURA-CUOIO-VOLLONATO-FIBBIA-OVALE-ORO-MORO-A009610-IV,CINTURA CUOIO VOLLONATO FIBBIA OVALE ORO MORO,,,1,29.000000,20.000000,2022-07-01,2022-12-31,0.000000,1,,Default Category,sys_size=Taglia,"sys_category=118,sys_color=C1590,sys_color_description=MORO,sys_color_hex=261202,sys_modello=IR 10036CI 321,sys_size=IV,composizione=100% PELLE,gruppo_articoli=AC-ACCESSORI,variante=CI,campagna_acquisti=AI21,cod=IR 10036CI 321-C1590-IV,sys_barcode=2100037471045",
1,Not Visible Individually,A009610-III,,Default,simple,base,CINTURA-CUOIO-VOLLONATO-FIBBIA-OVALE-ORO-MORO-A009610-III,CINTURA CUOIO VOLLONATO FIBBIA OVALE ORO MORO,,,1,29.000000,20.000000,2022-07-01,2022-12-31,0.000000,1,,Default Category,sys_size=Taglia,"sys_category=118,sys_color=C1590,sys_color_description=MORO,sys_color_hex=261202,sys_modello=IR 10036CI 321,sys_size=III,composizione=100% PELLE,gruppo_articoli=AC-ACCESSORI,variante=CI,campagna_acquisti=AI21,cod=IR 10036CI 321-C1590-III,sys_barcode=2100037471038",
1,"Catalog, Search",A009610,,Default,configurable,base,CINTURA-CUOIO-VOLLONATO-FIBBIA-OVALE-ORO-MORO-A009610,CINTURA CUOIO VOLLONATO FIBBIA OVALE ORO MORO,,,1,29.000000,20.000000,2022-07-01,2022-12-31,0.000000,1,,Default Category,sys_size=Taglia,"sys_category=118,sys_color=C1590,sys_color_description=MORO,sys_color_hex=261202,sys_modello=IR 10036CI 321,sys_size=III,composizione=100% PELLE,gruppo_articoli=AC-ACCESSORI,variante=CI,campagna_acquisti=AI21,cod=IR 10036CI 321-C1590,sys_barcode=2100037471021|2100037471052|2100037471014|2100037471045|2100037471038","sku=A009610-II,sys_size=II|sku=A009610-V,sys_size=V|sku=A009610-I,sys_size=I|sku=A009610-IV,sys_size=IV|sku=A009610-III,sys_size=III"
1,Not Visible Individually,A009605-PZ,,Default,simple,base,SCIARPA-LEGGERA-60-X-180-STAMPA-PATCHWORK-TORTORA-A009605-PZ,SCIARPA LEGGERA 60 X 180 STAMPA PATCHWORK TORTORA,,,1,20.000000,0,1990-01-01,1990-01-01,0.000000,1,,Default Category,sys_size=Taglia,"sys_category=118,sys_color=C1470,sys_color_description=TORTORA,sys_color_hex=766140,sys_modello=IR 12031SI 321,sys_size=PZ,composizione=100% POLIESTERE,gruppo_articoli=AC-ACCESSORI,variante=SI,campagna_acquisti=AI21,cod=IR 12031SI 321-C1470-PZ,sys_barcode=2100037466010",
1,"Catalog, Search",A009605,,Default,configurable,base,SCIARPA-LEGGERA-60-X-180-STAMPA-PATCHWORK-TORTORA-A009605,SCIARPA LEGGERA 60 X 180 STAMPA PATCHWORK TORTORA,,,1,20.000000,0,1990-01-01,1990-01-01,0.000000,1,,Default Category,sys_size=Taglia,"sys_category=118,sys_color=C1470,sys_color_description=TORTORA,sys_color_hex=766140,sys_modello=IR 12031SI 321,sys_size=PZ,composizione=100% POLIESTERE,gruppo_articoli=AC-ACCESSORI,variante=SI,campagna_acquisti=AI21,cod=IR 12031SI 321-C1470,sys_barcode=2100037466010","sku=A009605-PZ,sys_size=PZ"
1,Not Visible Individually,A011456-I,,Default,simple,base,CINTURA-FIBBIA-RULLO-MORO-A011456-I,CINTURA FIBBIA RULLO MORO,,,1,10.000000,0,1990-01-01,1990-01-01,0.000000,1,,Default Category,sys_size=Taglia,"sys_category=118,sys_color=C1590,sys_color_description=MORO,sys_color_hex=261202,sys_modello=CP 10071CI 322,sys_size=I,gruppo_articoli=AC-ACCESSORI,variante=CI,campagna_acquisti=AI22,cod=CP 10071CI 322-C1590-I,sys_barcode=2100039317013",
1,Not Visible Individually,A011456-IV,,Default,simple,base,CINTURA-FIBBIA-RULLO-MORO-A011456-IV,CINTURA FIBBIA RULLO MORO,,,1,10.000000,0,1990-01-01,1990-01-01,0.000000,1,,Default Category,sys_size=Taglia,"sys_category=118,sys_color=C1590,sys_color_description=MORO,sys_color_hex=261202,sys_modello=CP 10071CI 322,sys_size=IV,gruppo_articoli=AC-ACCESSORI,variante=CI,campagna_acquisti=AI22,cod=CP 10071CI 322-C1590-IV,sys_barcode=2100039317044",
1,Not Visible Individually,A011456-III,,Default,simple,base,CINTURA-FIBBIA-RULLO-MORO-A011456-III,CINTURA FIBBIA RULLO MORO,,,1,10.000000,0,1990-01-01,1990-01-01,0.000000,1,,Default Category,sys_size=Taglia,"sys_category=118,sys_color=C1590,sys_color_description=MORO,sys_color_hex=261202,sys_modello=CP 10071CI 322,sys_size=III,gruppo_articoli=AC-ACCESSORI,variante=CI,campagna_acquisti=AI22,cod=CP 10071CI 322-C1590-III,sys_barcode=2100039317037",
1,Not Visible Individually,A011456-II,,Default,simple,base,CINTURA-FIBBIA-RULLO-MORO-A011456-II,CINTURA FIBBIA RULLO MORO,,,1,10.000000,0,1990-01-01,1990-01-01,0.000000,1,,Default Category,sys_size=Taglia,"sys_category=118,sys_color=C1590,sys_color_description=MORO,sys_color_hex=261202,sys_modello=CP 10071CI 322,sys_size=II,gruppo_articoli=AC-ACCESSORI,variante=CI,campagna_acquisti=AI22,cod=CP 10071CI 322-C1590-II,sys_barcode=2100039317020",
1,Not Visible Individually,A011456-V,,Default,simple,base,CINTURA-FIBBIA-RULLO-MORO-A011456-V,CINTURA FIBBIA RULLO MORO,,,1,10.000000,0,1990-01-01,1990-01-01,0.000000,1,,Default Category,sys_size=Taglia,"sys_category=118,sys_color=C1590,sys_color_description=MORO,sys_color_hex=261202,sys_modello=CP 10071CI 322,sys_size=V,gruppo_articoli=AC-ACCESSORI,variante=CI,campagna_acquisti=AI22,cod=CP 10071CI 322-C1590-V,sys_barcode=2100039317051",
1,"Catalog, Search",A011456,,Default,configurable,base,CINTURA-FIBBIA-RULLO-MORO-A011456,CINTURA FIBBIA RULLO MORO,,,1,10.000000,0,1990-01-01,1990-01-01,0.000000,1,,Default Category,sys_size=Taglia,"sys_category=118,sys_color=C1590,sys_color_description=MORO,sys_color_hex=261202,sys_modello=CP 10071CI 322,sys_size=V,gruppo_articoli=AC-ACCESSORI,variante=CI,campagna_acquisti=AI22,cod=CP 10071CI 322-C1590,sys_barcode=2100039317013|2100039317044|2100039317037|2100039317020|2100039317051","sku=A011456-I,sys_size=I|sku=A011456-IV,sys_size=IV|sku=A011456-III,sys_size=III|sku=A011456-II,sys_size=II|sku=A011456-V,sys_size=V"
1,Not Visible Individually,A011458-I,,Default,simple,base,CINTURA-FIBBIA-RULLO-GRIGIO-A011458-I,CINTURA FIBBIA RULLO GRIGIO,,,1,10.000000,0,1990-01-01,1990-01-01,0.000000,1,,Default Category,sys_size=Taglia,"sys_category=118,sys_color=C1150,sys_color_description=GRIGIO,sys_color_hex=9c9e9f,sys_modello=CP 10071CI 322,sys_size=I,gruppo_articoli=AC-ACCESSORI,variante=CI,campagna_acquisti=AI22,cod=CP 10071CI 322-C1150-I,sys_barcode=2100039319017",
1,Not Visible Individually,A011458-IV,,Default,simple,base,CINTURA-FIBBIA-RULLO-GRIGIO-A011458-IV,CINTURA FIBBIA RULLO GRIGIO,,,1,10.000000,0,1990-01-01,1990-01-01,0.000000,1,,Default Category,sys_size=Taglia,"sys_category=118,sys_color=C1150,sys_color_description=GRIGIO,sys_color_hex=9c9e9f,sys_modello=CP 10071CI 322,sys_size=IV,gruppo_articoli=AC-ACCESSORI,variante=CI,campagna_acquisti=AI22,cod=CP 10071CI 322-C1150-IV,sys_barcode=2100039319048",
1,Not Visible Individually,A011458-III,,Default,simple,base,CINTURA-FIBBIA-RULLO-GRIGIO-A011458-III,CINTURA FIBBIA RULLO GRIGIO,,,1,10.000000,0,1990-01-01,1990-01-01,0.000000,1,,Default Category,sys_size=Taglia,"sys_category=118,sys_color=C1150,sys_color_description=GRIGIO,sys_color_hex=9c9e9f,sys_modello=CP 10071CI 322,sys_size=III,gruppo_articoli=AC-ACCESSORI,variante=CI,campagna_acquisti=AI22,cod=CP 10071CI 322-C1150-III,sys_barcode=2100039319031",
1,Not Visible Individually,A011458-II,,Default,simple,base,CINTURA-FIBBIA-RULLO-GRIGIO-A011458-II,CINTURA FIBBIA RULLO GRIGIO,,,1,10.000000,0,1990-01-01,1990-01-01,0.000000,1,,Default Category,sys_size=Taglia,"sys_category=118,sys_color=C1150,sys_color_description=GRIGIO,sys_color_hex=9c9e9f,sys_modello=CP 10071CI 322,sys_size=II,gruppo_articoli=AC-ACCESSORI,variante=CI,campagna_acquisti=AI22,cod=CP 10071CI 322-C1150-II,sys_barcode=2100039319024",
1,Not Visible Individually,A011458-V,,Default,simple,base,CINTURA-FIBBIA-RULLO-GRIGIO-A011458-V,CINTURA FIBBIA RULLO GRIGIO,,,1,10.000000,0,1990-01-01,1990-01-01,0.000000,1,,Default Category,sys_size=Taglia,"sys_category=118,sys_color=C1150,sys_color_description=GRIGIO,sys_color_hex=9c9e9f,sys_modello=CP 10071CI 322,sys_size=V,gruppo_articoli=AC-ACCESSORI,variante=CI,campagna_acquisti=AI22,cod=CP 10071CI 322-C1150-V,sys_barcode=2100039319055",
1,"Catalog, Search",A011458,,Default,configurable,base,CINTURA-FIBBIA-RULLO-GRIGIO-A011458,CINTURA FIBBIA RULLO GRIGIO,,,1,10.000000,0,1990-01-01,1990-01-01,0.000000,1,,Default Category,sys_size=Taglia,"sys_category=118,sys_color=C1150,sys_color_description=GRIGIO,sys_color_hex=9c9e9f,sys_modello=CP 10071CI 322,sys_size=V,gruppo_articoli=AC-ACCESSORI,variante=CI,campagna_acquisti=AI22,cod=CP 10071CI 322-C1150,sys_barcode=2100039319017|2100039319048|2100039319031|2100039319024|2100039319055","sku=A011458-I,sys_size=I|sku=A011458-IV,sys_size=IV|sku=A011458-III,sys_size=III|sku=A011458-II,sys_size=II|sku=A011458-V,sys_size=V"
1,Not Visible Individually,A011679-III,,Default,simple,base,CINTURA-EFFETTO-USED-NERO-A011679-III,CINTURA EFFETTO USED NERO,,,1,25.000000,0,1990-01-01,1990-01-01,0.000000,1,,Default Category,sys_size=Taglia,"sys_category=118,sys_color=C1199,sys_color_description=NERO,sys_color_hex=10101,sys_modello=IR 10063CI 322,sys_size=III,composizione=100% PELLE,gruppo_articoli=AC-ACCESSORI,variante=CI,campagna_acquisti=AI22,cod=IR 10063CI 322-C1199-III,sys_barcode=2100039540039",
1,Not Visible Individually,A011679-I,,Default,simple,base,CINTURA-EFFETTO-USED-NERO-A011679-I,CINTURA EFFETTO USED NERO,,,1,25.000000,0,1990-01-01,1990-01-01,0.000000,1,,Default Category,sys_size=Taglia,"sys_category=118,sys_color=C1199,sys_color_description=NERO,sys_color_hex=10101,sys_modello=IR 10063CI 322,sys_size=I,composizione=100% PELLE,gruppo_articoli=AC-ACCESSORI,variante=CI,campagna_acquisti=AI22,cod=IR 10063CI 322-C1199-I,sys_barcode=2100039540015",
1,Not Visible Individually,A011679-V,,Default,simple,base,CINTURA-EFFETTO-USED-NERO-A011679-V,CINTURA EFFETTO USED NERO,,,1,25.000000,0,1990-01-01,1990-01-01,0.000000,1,,Default Category,sys_size=Taglia,"sys_category=118,sys_color=C1199,sys_color_description=NERO,sys_color_hex=10101,sys_modello=IR 10063CI 322,sys_size=V,composizione=100% PELLE,gruppo_articoli=AC-ACCESSORI,variante=CI,campagna_acquisti=AI22,cod=IR 10063CI 322-C1199-V,sys_barcode=2100039540053",
1,Not Visible Individually,A011679-IV,,Default,simple,base,CINTURA-EFFETTO-USED-NERO-A011679-IV,CINTURA EFFETTO USED NERO,,,1,25.000000,0,1990-01-01,1990-01-01,0.000000,1,,Default Category,sys_size=Taglia,"sys_category=118,sys_color=C1199,sys_color_description=NERO,sys_color_hex=10101,sys_modello=IR 10063CI 322,sys_size=IV,composizione=100% PELLE,gruppo_articoli=AC-ACCESSORI,variante=CI,campagna_acquisti=AI22,cod=IR 10063CI 322-C1199-IV,sys_barcode=2100039540046",
1,Not Visible Individually,A011679-II,,Default,simple,base,CINTURA-EFFETTO-USED-NERO-A011679-II,CINTURA EFFETTO USED NERO,,,1,25.000000,0,1990-01-01,1990-01-01,0.000000,1,,Default Category,sys_size=Taglia,"sys_category=118,sys_color=C1199,sys_color_description=NERO,sys_color_hex=10101,sys_modello=IR 10063CI 322,sys_size=II,composizione=100% PELLE,gruppo_articoli=AC-ACCESSORI,variante=CI,campagna_acquisti=AI22,cod=IR 10063CI 322-C1199-II,sys_barcode=2100039540022",
1,"Catalog, Search",A011679,,Default,configurable,base,CINTURA-EFFETTO-USED-NERO-A011679,CINTURA EFFETTO USED NERO,,,1,25.000000,0,1990-01-01,1990-01-01,0.000000,1,,Default Category,sys_size=Taglia,"sys_category=118,sys_color=C1199,sys_color_description=NERO,sys_color_hex=10101,sys_modello=IR 10063CI 322,sys_size=II,composizione=100% PELLE,gruppo_articoli=AC-ACCESSORI,variante=CI,campagna_acquisti=AI22,cod=IR 10063CI 322-C1199,sys_barcode=2100039540039|2100039540015|2100039540053|2100039540046|2100039540022|","sku=A011679-III,sys_size=III|sku=A011679-I,sys_size=I|sku=A011679-V,sys_size=V|sku=A011679-IV,sys_size=IV|sku=A011679-II,sys_size=II"
1,Not Visible Individually,A011429-PZ,,Default,simple,base,MINI-TRACOLLA-IN-SAFFIANO-NERO-A011429-PZ,MINI TRACOLLA IN SAFFIANO NERO,,,1,15.000000,0,1990-01-01,1990-01-01,0.000000,1,,Default Category,sys_size=Taglia,"sys_category=118,sys_color=C1199,sys_color_description=NERO,sys_color_hex=10101,sys_modello=EJ 10080BS 322,sys_size=PZ,composizione=95% PVC 5% ZINCO,gruppo_articoli=AC-ACCESSORI,variante=BS,campagna_acquisti=AI22,cod=EJ 10080BS 322-C1199-PZ,sys_barcode=2100039290019",
1,"Catalog, Search",A011429,,Default,configurable,base,MINI-TRACOLLA-IN-SAFFIANO-NERO-A011429,MINI TRACOLLA IN SAFFIANO NERO,,,1,15.000000,0,1990-01-01,1990-01-01,0.000000,1,,Default Category,sys_size=Taglia,"sys_category=118,sys_color=C1199,sys_color_description=NERO,sys_color_hex=10101,sys_modello=EJ 10080BS 322,sys_size=PZ,composizione=95% PVC 5% ZINCO,gruppo_articoli=AC-ACCESSORI,variante=BS,campagna_acquisti=AI22,cod=EJ 10080BS 322-C1199,sys_barcode=2100039290019","sku=A011429-PZ,sys_size=PZ"
1,Not Visible Individually,A011450-II,,Default,simple,base,CINTURA-FUSTO-STAMPATO-MORO-A011450-II,CINTURA FUSTO STAMPATO MORO,,,1,10.000000,0,1990-01-01,1990-01-01,0.000000,1,,Default Category,sys_size=Taglia,"sys_category=118,sys_color=C1590,sys_color_description=MORO,sys_color_hex=261202,sys_modello=CP 10065CI 322,sys_size=II,gruppo_articoli=AC-ACCESSORI,variante=CI,campagna_acquisti=AI22,cod=CP 10065CI 322-C1590-II,sys_barcode=2100039311028",
1,Not Visible Individually,A011450-IV,,Default,simple,base,CINTURA-FUSTO-STAMPATO-MORO-A011450-IV,CINTURA FUSTO STAMPATO MORO,,,1,10.000000,0,1990-01-01,1990-01-01,0.000000,1,,Default Category,sys_size=Taglia,"sys_category=118,sys_color=C1590,sys_color_description=MORO,sys_color_hex=261202,sys_modello=CP 10065CI 322,sys_size=IV,gruppo_articoli=AC-ACCESSORI,variante=CI,campagna_acquisti=AI22,cod=CP 10065CI 322-C1590-IV,sys_barcode=2100039311042",
1,Not Visible Individually,A011450-I,,Default,simple,base,CINTURA-FUSTO-STAMPATO-MORO-A011450-I,CINTURA FUSTO STAMPATO MORO,,,1,10.000000,0,1990-01-01,1990-01-01,0.000000,1,,Default Category,sys_size=Taglia,"sys_category=118,sys_color=C1590,sys_color_description=MORO,sys_color_hex=261202,sys_modello=CP 10065CI 322,sys_size=I,gruppo_articoli=AC-ACCESSORI,variante=CI,campagna_acquisti=AI22,cod=CP 10065CI 322-C1590-I,sys_barcode=2100039311011",
1,Not Visible Individually,A011450-III,,Default,simple,base,CINTURA-FUSTO-STAMPATO-MORO-A011450-III,CINTURA FUSTO STAMPATO MORO,,,1,10.000000,0,1990-01-01,1990-01-01,0.000000,1,,Default Category,sys_size=Taglia,"sys_category=118,sys_color=C1590,sys_color_description=MORO,sys_color_hex=261202,sys_modello=CP 10065CI 322,sys_size=III,gruppo_articoli=AC-ACCESSORI,variante=CI,campagna_acquisti=AI22,cod=CP 10065CI 322-C1590-III,sys_barcode=2100039311035",
1,Not Visible Individually,A011450-V,,Default,simple,base,CINTURA-FUSTO-STAMPATO-MORO-A011450-V,CINTURA FUSTO STAMPATO MORO,,,1,10.000000,0,1990-01-01,1990-01-01,0.000000,1,,Default Category,sys_size=Taglia,"sys_category=118,sys_color=C1590,sys_color_description=MORO,sys_color_hex=261202,sys_modello=CP 10065CI 322,sys_size=V,gruppo_articoli=AC-ACCESSORI,variante=CI,campagna_acquisti=AI22,cod=CP 10065CI 322-C1590-V,sys_barcode=2100039311059",
1,"Catalog, Search",A011450,,Default,configurable,base,CINTURA-FUSTO-STAMPATO-MORO-A011450,CINTURA FUSTO STAMPATO MORO,,,1,10.000000,0,1990-01-01,1990-01-01,0.000000,1,,Default Category,sys_size=Taglia,"sys_category=118,sys_color=C1590,sys_color_description=MORO,sys_color_hex=261202,sys_modello=CP 10065CI 322,sys_size=V,gruppo_articoli=AC-ACCESSORI,variante=CI,campagna_acquisti=AI22,cod=CP 10065CI 322-C1590,sys_barcode=2100039311028|2100039311042|2100039311011|2100039311035|2100039311059","sku=A011450-II,sys_size=II|sku=A011450-IV,sys_size=IV|sku=A011450-I,sys_size=I|sku=A011450-III,sys_size=III|sku=A011450-V,sys_size=V"
1,Not Visible Individually,A011427-PZ,,Default,simple,base,MINI-TRACOLLA-IN-TESSUTO-TECNICO-VERDE-MILITARE-A011427-PZ,MINI TRACOLLA IN TESSUTO TECNICO VERDE MILITARE,,,1,12.000000,0,1990-01-01,1990-01-01,0.000000,1,,Default Category,sys_size=Taglia,"sys_category=118,sys_color=C1370,sys_color_description=VERDE MILITARE,sys_color_hex=797d66,sys_modello=EJ 10078BS 322,sys_size=PZ,composizione=95% POLIESTERE 5% ZINCO,gruppo_articoli=AC-ACCESSORI,variante=BS,campagna_acquisti=AI22,cod=EJ 10078BS 322-C1370-PZ,sys_barcode=2100039288016",
1,"Catalog, Search",A011427,,Default,configurable,base,MINI-TRACOLLA-IN-TESSUTO-TECNICO-VERDE-MILITARE-A011427,MINI TRACOLLA IN TESSUTO TECNICO VERDE MILITARE,,,1,12.000000,0,1990-01-01,1990-01-01,0.000000,1,,Default Category,sys_size=Taglia,"sys_category=118,sys_color=C1370,sys_color_description=VERDE MILITARE,sys_color_hex=797d66,sys_modello=EJ 10078BS 322,sys_size=PZ,composizione=95% POLIESTERE 5% ZINCO,gruppo_articoli=AC-ACCESSORI,variante=BS,campagna_acquisti=AI22,cod=EJ 10078BS 322-C1370,sys_barcode=2100039288016","sku=A011427-PZ,sys_size=PZ"
1,Not Visible Individually,A009603-PZ,,Default,simple,base,SCIARPA-LEGGERA-60-X-180-STAMPA-PATCHWORK-BLEU-A009603-PZ,SCIARPA LEGGERA 60 X 180 STAMPA PATCHWORK BLEU,,,1,20.000000,0,1990-01-01,1990-01-01,0.000000,1,,Default Category,sys_size=Taglia,"sys_category=118,sys_color=C1299,sys_color_description=BLEU,sys_color_hex=0e223d,sys_modello=IR 12029SI 321,sys_size=PZ,composizione=100% POLIESTERE,gruppo_articoli=AC-ACCESSORI,variante=SI,campagna_acquisti=AI21,cod=IR 12029SI 321-C1299-PZ,sys_barcode=2100037464016",
1,"Catalog, Search",A009603,,Default,configurable,base,SCIARPA-LEGGERA-60-X-180-STAMPA-PATCHWORK-BLEU-A009603,SCIARPA LEGGERA 60 X 180 STAMPA PATCHWORK BLEU,,,1,20.000000,0,1990-01-01,1990-01-01,0.000000,1,,Default Category,sys_size=Taglia,"sys_category=118,sys_color=C1299,sys_color_description=BLEU,sys_color_hex=0e223d,sys_modello=IR 12029SI 321,sys_size=PZ,composizione=100% POLIESTERE,gruppo_articoli=AC-ACCESSORI,variante=SI,campagna_acquisti=AI21,cod=IR 12029SI 321-C1299,sys_barcode=2100037464016","sku=A009603-PZ,sys_size=PZ"
1,Not Visible Individually,A011379-PZ,,Default,simple,base,ZAINO-TASCA-FRONTALE-VERDE-MILITARE-A011379-PZ,ZAINO TASCA FRONTALE VERDE MILITARE,,,1,20.000000,0,1990-01-01,1990-01-01,10.000000,1,,Default Category,sys_size=Taglia,"sys_category=118,sys_color=C1370,sys_color_description=VERDE MILITARE,sys_color_hex=797d66,sys_modello=LX 10077BS 322,sys_size=PZ,gruppo_articoli=AC-ACCESSORI,variante=BS,campagna_acquisti=AI22,cod=LX 10077BS 322-C1370-PZ,sys_barcode=2100039240014",
1,"Catalog, Search",A011379,,Default,configurable,base,ZAINO-TASCA-FRONTALE-VERDE-MILITARE-A011379,ZAINO TASCA FRONTALE VERDE MILITARE,,,1,20.000000,0,1990-01-01,1990-01-01,10.000000,1,,Default Category,sys_size=Taglia,"sys_category=118,sys_color=C1370,sys_color_description=VERDE MILITARE,sys_color_hex=797d66,sys_modello=LX 10077BS 322,sys_size=PZ,gruppo_articoli=AC-ACCESSORI,variante=BS,campagna_acquisti=AI22,cod=LX 10077BS 322-C1370,sys_barcode=2100039240014","sku=A011379-PZ,sys_size=PZ"
1,Not Visible Individually,A011380-PZ,,Default,simple,base,ZAINO-TASCA-FRONTALE-G.CHIARO-A011380-PZ,ZAINO TASCA FRONTALE G.CHIARO,,,1,20.000000,0,1990-01-01,1990-01-01,10.000000,1,,Default Category,sys_size=Taglia,"sys_category=118,sys_color=C2101,sys_color_description=G.CHIARO,sys_color_hex=dbdbdb,sys_modello=LX 10077BS 322,sys_size=PZ,gruppo_articoli=AC-ACCESSORI,variante=BS,campagna_acquisti=AI22,cod=LX 10077BS 322-C2101-PZ,sys_barcode=2100039241011",
1,"Catalog, Search",A011380,,Default,configurable,base,ZAINO-TASCA-FRONTALE-G.CHIARO-A011380,ZAINO TASCA FRONTALE G.CHIARO,,,1,20.000000,0,1990-01-01,1990-01-01,10.000000,1,,Default Category,sys_size=Taglia,"sys_category=118,sys_color=C2101,sys_color_description=G.CHIARO,sys_color_hex=dbdbdb,sys_modello=LX 10077BS 322,sys_size=PZ,gruppo_articoli=AC-ACCESSORI,variante=BS,campagna_acquisti=AI22,cod=LX 10077BS 322-C2101,sys_barcode=2100039241011","sku=A011380-PZ,sys_size=PZ"
1,Not Visible Individually,A011381-PZ,,Default,simple,base,ZAINO-TASCA-FRONTALE-OCRA-A011381-PZ,ZAINO TASCA FRONTALE OCRA,,,1,20.000000,0,1990-01-01,1990-01-01,0.000000,1,,Default Category,sys_size=Taglia,"sys_category=118,sys_color=C1515,sys_color_description=OCRA,sys_color_hex=be9106,sys_modello=LX 10077BS 322,sys_size=PZ,gruppo_articoli=AC-ACCESSORI,variante=BS,campagna_acquisti=AI22,cod=LX 10077BS 322-C1515-PZ,sys_barcode=2100039242018",
1,"Catalog, Search",A011381,,Default,configurable,base,ZAINO-TASCA-FRONTALE-OCRA-A011381,ZAINO TASCA FRONTALE OCRA,,,1,20.000000,0,1990-01-01,1990-01-01,0.000000,1,,Default Category,sys_size=Taglia,"sys_category=118,sys_color=C1515,sys_color_description=OCRA,sys_color_hex=be9106,sys_modello=LX 10077BS 322,sys_size=PZ,gruppo_articoli=AC-ACCESSORI,variante=BS,campagna_acquisti=AI22,cod=LX 10077BS 322-C1515,sys_barcode=2100039242018","sku=A011381-PZ,sys_size=PZ"
1,Not Visible Individually,A009602-PZ,,Default,simple,base,SCIARPA-LEGGERA-60-X-180-STAMPA-PATCHWORK-BLEU-A009602-PZ,SCIARPA LEGGERA 60 X 180 STAMPA PATCHWORK BLEU,,,1,20.000000,0,1990-01-01,1990-01-01,0.000000,1,,Default Category,sys_size=Taglia,"sys_category=118,sys_color=C1299,sys_color_description=BLEU,sys_color_hex=0e223d,sys_modello=IR 12027SI 321,sys_size=PZ,composizione=100% POLIESTERE,gruppo_articoli=AC-ACCESSORI,variante=SI,campagna_acquisti=AI21,cod=IR 12027SI 321-C1299-PZ,sys_barcode=2100037463019",
1,"Catalog, Search",A009602,,Default,configurable,base,SCIARPA-LEGGERA-60-X-180-STAMPA-PATCHWORK-BLEU-A009602,SCIARPA LEGGERA 60 X 180 STAMPA PATCHWORK BLEU,,,1,20.000000,0,1990-01-01,1990-01-01,0.000000,1,,Default Category,sys_size=Taglia,"sys_category=118,sys_color=C1299,sys_color_description=BLEU,sys_color_hex=0e223d,sys_modello=IR 12027SI 321,sys_size=PZ,composizione=100% POLIESTERE,gruppo_articoli=AC-ACCESSORI,variante=SI,campagna_acquisti=AI21,cod=IR 12027SI 321-C1299,sys_barcode=2100037463019","sku=A009602-PZ,sys_size=PZ"
1,Not Visible Individually,A009589-PZ,,Default,simple,base,SCIARPA-PIED-DE-POULE-GEOMETRICO-LANA-VISCOSA-32-X-190-CM-OCRA-A009589-PZ,SCIARPA PIED DE POULE GEOMETRICO LANA VISCOSA 32 X 190 CM OCRA,,,1,20.000000,0,1990-01-01,1990-01-01,0.000000,1,,Default Category,sys_size=Taglia,"sys_category=118,sys_color=C1515,sys_color_description=OCRA,sys_color_hex=be9106,sys_modello=IO 12022SI 321,sys_size=PZ,composizione=53% VISCOSA 35% LANA 9% NYLON 2% POLIESTERE 1% ACRILICO,gruppo_articoli=AC-ACCESSORI,variante=SI,campagna_acquisti=AI21,cod=IO 12022SI 321-C1515-PZ,sys_barcode=2100037450019",
1,"Catalog, Search",A009589,,Default,configurable,base,SCIARPA-PIED-DE-POULE-GEOMETRICO-LANA-VISCOSA-32-X-190-CM-OCRA-A009589,SCIARPA PIED DE POULE GEOMETRICO LANA VISCOSA 32 X 190 CM OCRA,,,1,20.000000,0,1990-01-01,1990-01-01,0.000000,1,,Default Category,sys_size=Taglia,"sys_category=118,sys_color=C1515,sys_color_description=OCRA,sys_color_hex=be9106,sys_modello=IO 12022SI 321,sys_size=PZ,composizione=53% VISCOSA 35% LANA 9% NYLON 2% POLIESTERE 1% ACRILICO,gruppo_articoli=AC-ACCESSORI,variante=SI,campagna_acquisti=AI21,cod=IO 12022SI 321-C1515,sys_barcode=2100037450019","sku=A009589-PZ,sys_size=PZ"
1,Not Visible Individually,A011374-PZ,,Default,simple,base,MARSUPIO-DOPPIA-TASCA-NERO-A011374-PZ,MARSUPIO DOPPIA TASCA NERO,,,1,12.000000,0,1990-01-01,1990-01-01,10.000000,1,,Default Category,sys_size=Taglia,"sys_category=118,sys_color=C1199,sys_color_description=NERO,sys_color_hex=10101,sys_modello=LX 10076BS 322,sys_size=PZ,gruppo_articoli=AC-ACCESSORI,variante=BS,campagna_acquisti=AI22,cod=LX 10076BS 322-C1199-PZ,sys_barcode=2100039235010",
1,"Catalog, Search",A011374,,Default,configurable,base,MARSUPIO-DOPPIA-TASCA-NERO-A011374,MARSUPIO DOPPIA TASCA NERO,,,1,12.000000,0,1990-01-01,1990-01-01,10.000000,1,,Default Category,sys_size=Taglia,"sys_category=118,sys_color=C1199,sys_color_description=NERO,sys_color_hex=10101,sys_modello=LX 10076BS 322,sys_size=PZ,gruppo_articoli=AC-ACCESSORI,variante=BS,campagna_acquisti=AI22,cod=LX 10076BS 322-C1199,sys_barcode=2100039235010","sku=A011374-PZ,sys_size=PZ"
1,Not Visible Individually,A009608-II,,Default,simple,base,CINTURA-CUOIO-VOLLONATO-EFFETTO-USED-FIBBIA-SILVER-AMERICA-GRIGIO-A009608-II,CINTURA CUOIO VOLLONATO EFFETTO USED FIBBIA SILVER AMERICA GRIGIO,,,1,20.000000,10.000000,2022-07-01,2022-12-31,0.000000,1,,Default Category,sys_size=Taglia,"sys_category=118,sys_color=C1150,sys_color_description=GRIGIO,sys_color_hex=9c9e9f,sys_modello=IR 10035CI 321,sys_size=II,composizione=100% PELLE,gruppo_articoli=AC-ACCESSORI,variante=CI,campagna_acquisti=AI21,cod=IR 10035CI 321-C1150-II,sys_barcode=2100037469028",
1,Not Visible Individually,A009608-V,,Default,simple,base,CINTURA-CUOIO-VOLLONATO-EFFETTO-USED-FIBBIA-SILVER-AMERICA-GRIGIO-A009608-V,CINTURA CUOIO VOLLONATO EFFETTO USED FIBBIA SILVER AMERICA GRIGIO,,,1,20.000000,10.000000,2022-07-01,2022-12-31,0.000000,1,,Default Category,sys_size=Taglia,"sys_category=118,sys_color=C1150,sys_color_description=GRIGIO,sys_color_hex=9c9e9f,sys_modello=IR 10035CI 321,sys_size=V,composizione=100% PELLE,gruppo_articoli=AC-ACCESSORI,variante=CI,campagna_acquisti=AI21,cod=IR 10035CI 321-C1150-V,sys_barcode=2100037469059",
1,Not Visible Individually,A009608-III,,Default,simple,base,CINTURA-CUOIO-VOLLONATO-EFFETTO-USED-FIBBIA-SILVER-AMERICA-GRIGIO-A009608-III,CINTURA CUOIO VOLLONATO EFFETTO USED FIBBIA SILVER AMERICA GRIGIO,,,1,20.000000,10.000000,2022-07-01,2022-12-31,0.000000,1,,Default Category,sys_size=Taglia,"sys_category=118,sys_color=C1150,sys_color_description=GRIGIO,sys_color_hex=9c9e9f,sys_modello=IR 10035CI 321,sys_size=III,composizione=100% PELLE,gruppo_articoli=AC-ACCESSORI,variante=CI,campagna_acquisti=AI21,cod=IR 10035CI 321-C1150-III,sys_barcode=2100037469035",
1,Not Visible Individually,A009608-IV,,Default,simple,base,CINTURA-CUOIO-VOLLONATO-EFFETTO-USED-FIBBIA-SILVER-AMERICA-GRIGIO-A009608-IV,CINTURA CUOIO VOLLONATO EFFETTO USED FIBBIA SILVER AMERICA GRIGIO,,,1,20.000000,10.000000,2022-07-01,2022-12-31,0.000000,1,,Default Category,sys_size=Taglia,"sys_category=118,sys_color=C1150,sys_color_description=GRIGIO,sys_color_hex=9c9e9f,sys_modello=IR 10035CI 321,sys_size=IV,composizione=100% PELLE,gruppo_articoli=AC-ACCESSORI,variante=CI,campagna_acquisti=AI21,cod=IR 10035CI 321-C1150-IV,sys_barcode=2100037469042",
1,Not Visible Individually,A009608-I,,Default,simple,base,CINTURA-CUOIO-VOLLONATO-EFFETTO-USED-FIBBIA-SILVER-AMERICA-GRIGIO-A009608-I,CINTURA CUOIO VOLLONATO EFFETTO USED FIBBIA SILVER AMERICA GRIGIO,,,1,20.000000,10.000000,2022-07-01,2022-12-31,0.000000,1,,Default Category,sys_size=Taglia,"sys_category=118,sys_color=C1150,sys_color_description=GRIGIO,sys_color_hex=9c9e9f,sys_modello=IR 10035CI 321,sys_size=I,composizione=100% PELLE,gruppo_articoli=AC-ACCESSORI,variante=CI,campagna_acquisti=AI21,cod=IR 10035CI 321-C1150-I,sys_barcode=2100037469011",
1,"Catalog, Search",A009608,,Default,configurable,base,CINTURA-CUOIO-VOLLONATO-EFFETTO-USED-FIBBIA-SILVER-AMERICA-GRIGIO-A009608,CINTURA CUOIO VOLLONATO EFFETTO USED FIBBIA SILVER AMERICA GRIGIO,,,1,20.000000,10.000000,2022-07-01,2022-12-31,0.000000,1,,Default Category,sys_size=Taglia,"sys_category=118,sys_color=C1150,sys_color_description=GRIGIO,sys_color_hex=9c9e9f,sys_modello=IR 10035CI 321,sys_size=I,composizione=100% PELLE,gruppo_articoli=AC-ACCESSORI,variante=CI,campagna_acquisti=AI21,cod=IR 10035CI 321-C1150,sys_barcode=2100037469028|2100037469059|2100037469035|2100037469042|2100037469011","sku=A009608-II,sys_size=II|sku=A009608-V,sys_size=V|sku=A009608-III,sys_size=III|sku=A009608-IV,sys_size=IV|sku=A009608-I,sys_size=I"
1,Not Visible Individually,A011455-V,,Default,simple,base,CINTURA-CLASSICA-IN-ECOPELLE-NERO-A011455-V,CINTURA CLASSICA IN ECOPELLE NERO,,,1,10.000000,0,1990-01-01,1990-01-01,0.000000,1,,Default Category,sys_size=Taglia,"sys_category=118,sys_color=C1199,sys_color_description=NERO,sys_color_hex=10101,sys_modello=CP 10069CI 322,sys_size=V,gruppo_articoli=AC-ACCESSORI,variante=CI,campagna_acquisti=AI22,cod=CP 10069CI 322-C1199-V,sys_barcode=2100039316054",
1,Not Visible Individually,A011455-I,,Default,simple,base,CINTURA-CLASSICA-IN-ECOPELLE-NERO-A011455-I,CINTURA CLASSICA IN ECOPELLE NERO,,,1,10.000000,0,1990-01-01,1990-01-01,0.000000,1,,Default Category,sys_size=Taglia,"sys_category=118,sys_color=C1199,sys_color_description=NERO,sys_color_hex=10101,sys_modello=CP 10069CI 322,sys_size=I,gruppo_articoli=AC-ACCESSORI,variante=CI,campagna_acquisti=AI22,cod=CP 10069CI 322-C1199-I,sys_barcode=2100039316016",
1,Not Visible Individually,A011455-IV,,Default,simple,base,CINTURA-CLASSICA-IN-ECOPELLE-NERO-A011455-IV,CINTURA CLASSICA IN ECOPELLE NERO,,,1,10.000000,0,1990-01-01,1990-01-01,0.000000,1,,Default Category,sys_size=Taglia,"sys_category=118,sys_color=C1199,sys_color_description=NERO,sys_color_hex=10101,sys_modello=CP 10069CI 322,sys_size=IV,gruppo_articoli=AC-ACCESSORI,variante=CI,campagna_acquisti=AI22,cod=CP 10069CI 322-C1199-IV,sys_barcode=2100039316047",
1,Not Visible Individually,A011455-II,,Default,simple,base,CINTURA-CLASSICA-IN-ECOPELLE-NERO-A011455-II,CINTURA CLASSICA IN ECOPELLE NERO,,,1,10.000000,0,1990-01-01,1990-01-01,0.000000,1,,Default Category,sys_size=Taglia,"sys_category=118,sys_color=C1199,sys_color_description=NERO,sys_color_hex=10101,sys_modello=CP 10069CI 322,sys_size=II,gruppo_articoli=AC-ACCESSORI,variante=CI,campagna_acquisti=AI22,cod=CP 10069CI 322-C1199-II,sys_barcode=2100039316023",
1,Not Visible Individually,A011455-III,,Default,simple,base,CINTURA-CLASSICA-IN-ECOPELLE-NERO-A011455-III,CINTURA CLASSICA IN ECOPELLE NERO,,,1,10.000000,0,1990-01-01,1990-01-01,0.000000,1,,Default Category,sys_size=Taglia,"sys_category=118,sys_color=C1199,sys_color_description=NERO,sys_color_hex=10101,sys_modello=CP 10069CI 322,sys_size=III,gruppo_articoli=AC-ACCESSORI,variante=CI,campagna_acquisti=AI22,cod=CP 10069CI 322-C1199-III,sys_barcode=2100039316030",
1,"Catalog, Search",A011455,,Default,configurable,base,CINTURA-CLASSICA-IN-ECOPELLE-NERO-A011455,CINTURA CLASSICA IN ECOPELLE NERO,,,1,10.000000,0,1990-01-01,1990-01-01,0.000000,1,,Default Category,sys_size=Taglia,"sys_category=118,sys_color=C1199,sys_color_description=NERO,sys_color_hex=10101,sys_modello=CP 10069CI 322,sys_size=III,gruppo_articoli=AC-ACCESSORI,variante=CI,campagna_acquisti=AI22,cod=CP 10069CI 322-C1199,sys_barcode=2100039316054|2100039316016|2100039316047|2100039316023|2100039316030","sku=A011455-V,sys_size=V|sku=A011455-I,sys_size=I|sku=A011455-IV,sys_size=IV|sku=A011455-II,sys_size=II|sku=A011455-III,sys_size=III"
1,Not Visible Individually,A009609-I,,Default,simple,base,CINTURA-CUOIO-VOLLONATO-FIBBIA-OVALE-ORO-NERO-A009609-I,CINTURA CUOIO VOLLONATO FIBBIA OVALE ORO NERO,,,1,29.000000,20.000000,2022-07-01,2022-12-31,0.000000,1,,Default Category,sys_size=Taglia,"sys_category=118,sys_color=C1199,sys_color_description=NERO,sys_color_hex=10101,sys_modello=IR 10036CI 321,sys_size=I,composizione=100% PELLE,gruppo_articoli=AC-ACCESSORI,variante=CI,campagna_acquisti=AI21,cod=IR 10036CI 321-C1199-I,sys_barcode=2100037470017",
1,Not Visible Individually,A009609-II,,Default,simple,base,CINTURA-CUOIO-VOLLONATO-FIBBIA-OVALE-ORO-NERO-A009609-II,CINTURA CUOIO VOLLONATO FIBBIA OVALE ORO NERO,,,1,29.000000,20.000000,2022-07-01,2022-12-31,0.000000,1,,Default Category,sys_size=Taglia,"sys_category=118,sys_color=C1199,sys_color_description=NERO,sys_color_hex=10101,sys_modello=IR 10036CI 321,sys_size=II,composizione=100% PELLE,gruppo_articoli=AC-ACCESSORI,variante=CI,campagna_acquisti=AI21,cod=IR 10036CI 321-C1199-II,sys_barcode=2100037470024",
1,Not Visible Individually,A009609-III,,Default,simple,base,CINTURA-CUOIO-VOLLONATO-FIBBIA-OVALE-ORO-NERO-A009609-III,CINTURA CUOIO VOLLONATO FIBBIA OVALE ORO NERO,,,1,29.000000,20.000000,2022-07-01,2022-12-31,0.000000,1,,Default Category,sys_size=Taglia,"sys_category=118,sys_color=C1199,sys_color_description=NERO,sys_color_hex=10101,sys_modello=IR 10036CI 321,sys_size=III,composizione=100% PELLE,gruppo_articoli=AC-ACCESSORI,variante=CI,campagna_acquisti=AI21,cod=IR 10036CI 321-C1199-III,sys_barcode=2100037470031",
1,Not Visible Individually,A009609-IV,,Default,simple,base,CINTURA-CUOIO-VOLLONATO-FIBBIA-OVALE-ORO-NERO-A009609-IV,CINTURA CUOIO VOLLONATO FIBBIA OVALE ORO NERO,,,1,29.000000,20.000000,2022-07-01,2022-12-31,0.000000,1,,Default Category,sys_size=Taglia,"sys_category=118,sys_color=C1199,sys_color_description=NERO,sys_color_hex=10101,sys_modello=IR 10036CI 321,sys_size=IV,composizione=100% PELLE,gruppo_articoli=AC-ACCESSORI,variante=CI,campagna_acquisti=AI21,cod=IR 10036CI 321-C1199-IV,sys_barcode=2100037470048",
1,Not Visible Individually,A009609-V,,Default,simple,base,CINTURA-CUOIO-VOLLONATO-FIBBIA-OVALE-ORO-NERO-A009609-V,CINTURA CUOIO VOLLONATO FIBBIA OVALE ORO NERO,,,1,29.000000,20.000000,2022-07-01,2022-12-31,0.000000,1,,Default Category,sys_size=Taglia,"sys_category=118,sys_color=C1199,sys_color_description=NERO,sys_color_hex=10101,sys_modello=IR 10036CI 321,sys_size=V,composizione=100% PELLE,gruppo_articoli=AC-ACCESSORI,variante=CI,campagna_acquisti=AI21,cod=IR 10036CI 321-C1199-V,sys_barcode=2100037470055",
1,"Catalog, Search",A009609,,Default,configurable,base,CINTURA-CUOIO-VOLLONATO-FIBBIA-OVALE-ORO-NERO-A009609,CINTURA CUOIO VOLLONATO FIBBIA OVALE ORO NERO,,,1,29.000000,20.000000,2022-07-01,2022-12-31,0.000000,1,,Default Category,sys_size=Taglia,"sys_category=118,sys_color=C1199,sys_color_description=NERO,sys_color_hex=10101,sys_modello=IR 10036CI 321,sys_size=V,composizione=100% PELLE,gruppo_articoli=AC-ACCESSORI,variante=CI,campagna_acquisti=AI21,cod=IR 10036CI 321-C1199,sys_barcode=2100037470017|2100037470024|2100037470031|2100037470048|2100037470055","sku=A009609-I,sys_size=I|sku=A009609-II,sys_size=II|sku=A009609-III,sys_size=III|sku=A009609-IV,sys_size=IV|sku=A009609-V,sys_size=V"
1,Not Visible Individually,A009601-PZ,,Default,simple,base,SCIARPA-LEGGERA-60-X-180-BLEU-A009601-PZ,SCIARPA LEGGERA 60 X 180 BLEU,,,1,20.000000,0,1990-01-01,1990-01-01,0.000000,1,,Default Category,sys_size=Taglia,"sys_category=118,sys_color=C1299,sys_color_description=BLEU,sys_color_hex=0e223d,sys_modello=IR 12026SI 321,sys_size=PZ,composizione=100% POLIESTERE,gruppo_articoli=AC-ACCESSORI,variante=SI,campagna_acquisti=AI21,cod=IR 12026SI 321-C1299-PZ,sys_barcode=2100037462012",
1,"Catalog, Search",A009601,,Default,configurable,base,SCIARPA-LEGGERA-60-X-180-BLEU-A009601,SCIARPA LEGGERA 60 X 180 BLEU,,,1,20.000000,0,1990-01-01,1990-01-01,0.000000,1,,Default Category,sys_size=Taglia,"sys_category=118,sys_color=C1299,sys_color_description=BLEU,sys_color_hex=0e223d,sys_modello=IR 12026SI 321,sys_size=PZ,composizione=100% POLIESTERE,gruppo_articoli=AC-ACCESSORI,variante=SI,campagna_acquisti=AI21,cod=IR 12026SI 321-C1299,sys_barcode=2100037462012","sku=A009601-PZ,sys_size=PZ"
1,Not Visible Individually,A011457-IV,,Default,simple,base,CINTURA-FIBBIA-RULLO-AVION-A011457-IV,CINTURA FIBBIA RULLO AVION,,,1,10.000000,0,1990-01-01,1990-01-01,0.000000,1,,Default Category,sys_size=Taglia,"sys_category=118,sys_color=C1270,sys_color_description=AVION,sys_color_hex=31527d,sys_modello=CP 10071CI 322,sys_size=IV,gruppo_articoli=AC-ACCESSORI,variante=CI,campagna_acquisti=AI22,cod=CP 10071CI 322-C1270-IV,sys_barcode=2100039318041",
1,Not Visible Individually,A011457-III,,Default,simple,base,CINTURA-FIBBIA-RULLO-AVION-A011457-III,CINTURA FIBBIA RULLO AVION,,,1,10.000000,0,1990-01-01,1990-01-01,0.000000,1,,Default Category,sys_size=Taglia,"sys_category=118,sys_color=C1270,sys_color_description=AVION,sys_color_hex=31527d,sys_modello=CP 10071CI 322,sys_size=III,gruppo_articoli=AC-ACCESSORI,variante=CI,campagna_acquisti=AI22,cod=CP 10071CI 322-C1270-III,sys_barcode=2100039318034",
1,Not Visible Individually,A011457-II,,Default,simple,base,CINTURA-FIBBIA-RULLO-AVION-A011457-II,CINTURA FIBBIA RULLO AVION,,,1,10.000000,0,1990-01-01,1990-01-01,0.000000,1,,Default Category,sys_size=Taglia,"sys_category=118,sys_color=C1270,sys_color_description=AVION,sys_color_hex=31527d,sys_modello=CP 10071CI 322,sys_size=II,gruppo_articoli=AC-ACCESSORI,variante=CI,campagna_acquisti=AI22,cod=CP 10071CI 322-C1270-II,sys_barcode=2100039318027",
1,Not Visible Individually,A011457-V,,Default,simple,base,CINTURA-FIBBIA-RULLO-AVION-A011457-V,CINTURA FIBBIA RULLO AVION,,,1,10.000000,0,1990-01-01,1990-01-01,0.000000,1,,Default Category,sys_size=Taglia,"sys_category=118,sys_color=C1270,sys_color_description=AVION,sys_color_hex=31527d,sys_modello=CP 10071CI 322,sys_size=V,gruppo_articoli=AC-ACCESSORI,variante=CI,campagna_acquisti=AI22,cod=CP 10071CI 322-C1270-V,sys_barcode=2100039318058",
1,Not Visible Individually,A011457-I,,Default,simple,base,CINTURA-FIBBIA-RULLO-AVION-A011457-I,CINTURA FIBBIA RULLO AVION,,,1,10.000000,0,1990-01-01,1990-01-01,0.000000,1,,Default Category,sys_size=Taglia,"sys_category=118,sys_color=C1270,sys_color_description=AVION,sys_color_hex=31527d,sys_modello=CP 10071CI 322,sys_size=I,gruppo_articoli=AC-ACCESSORI,variante=CI,campagna_acquisti=AI22,cod=CP 10071CI 322-C1270-I,sys_barcode=2100039318010",
1,"Catalog, Search",A011457,,Default,configurable,base,CINTURA-FIBBIA-RULLO-AVION-A011457,CINTURA FIBBIA RULLO AVION,,,1,10.000000,0,1990-01-01,1990-01-01,0.000000,1,,Default Category,sys_size=Taglia,"sys_category=118,sys_color=C1270,sys_color_description=AVION,sys_color_hex=31527d,sys_modello=CP 10071CI 322,sys_size=I,gruppo_articoli=AC-ACCESSORI,variante=CI,campagna_acquisti=AI22,cod=CP 10071CI 322-C1270,sys_barcode=2100039318041|2100039318034|2100039318027|2100039318058|2100039318010","sku=A011457-IV,sys_size=IV|sku=A011457-III,sys_size=III|sku=A011457-II,sys_size=II|sku=A011457-V,sys_size=V|sku=A011457-I,sys_size=I"
1,Not Visible Individually,A011459-II,,Default,simple,base,CINTURA-FIBBIA-RULLO-TORTORA-A011459-II,CINTURA FIBBIA RULLO TORTORA,,,1,10.000000,0,1990-01-01,1990-01-01,0.000000,1,,Default Category,sys_size=Taglia,"sys_category=118,sys_color=C1470,sys_color_description=TORTORA,sys_color_hex=766140,sys_modello=CP 10071CI 322,sys_size=II,gruppo_articoli=AC-ACCESSORI,variante=CI,campagna_acquisti=AI22,cod=CP 10071CI 322-C1470-II,sys_barcode=2100039320020",
1,Not Visible Individually,A011459-IV,,Default,simple,base,CINTURA-FIBBIA-RULLO-TORTORA-A011459-IV,CINTURA FIBBIA RULLO TORTORA,,,1,10.000000,0,1990-01-01,1990-01-01,0.000000,1,,Default Category,sys_size=Taglia,"sys_category=118,sys_color=C1470,sys_color_description=TORTORA,sys_color_hex=766140,sys_modello=CP 10071CI 322,sys_size=IV,gruppo_articoli=AC-ACCESSORI,variante=CI,campagna_acquisti=AI22,cod=CP 10071CI 322-C1470-IV,sys_barcode=2100039320044",
1,Not Visible Individually,A011459-III,,Default,simple,base,CINTURA-FIBBIA-RULLO-TORTORA-A011459-III,CINTURA FIBBIA RULLO TORTORA,,,1,10.000000,0,1990-01-01,1990-01-01,0.000000,1,,Default Category,sys_size=Taglia,"sys_category=118,sys_color=C1470,sys_color_description=TORTORA,sys_color_hex=766140,sys_modello=CP 10071CI 322,sys_size=III,gruppo_articoli=AC-ACCESSORI,variante=CI,campagna_acquisti=AI22,cod=CP 10071CI 322-C1470-III,sys_barcode=2100039320037",
1,Not Visible Individually,A011459-V,,Default,simple,base,CINTURA-FIBBIA-RULLO-TORTORA-A011459-V,CINTURA FIBBIA RULLO TORTORA,,,1,10.000000,0,1990-01-01,1990-01-01,0.000000,1,,Default Category,sys_size=Taglia,"sys_category=118,sys_color=C1470,sys_color_description=TORTORA,sys_color_hex=766140,sys_modello=CP 10071CI 322,sys_size=V,gruppo_articoli=AC-ACCESSORI,variante=CI,campagna_acquisti=AI22,cod=CP 10071CI 322-C1470-V,sys_barcode=2100039320051",
1,Not Visible Individually,A011459-I,,Default,simple,base,CINTURA-FIBBIA-RULLO-TORTORA-A011459-I,CINTURA FIBBIA RULLO TORTORA,,,1,10.000000,0,1990-01-01,1990-01-01,0.000000,1,,Default Category,sys_size=Taglia,"sys_category=118,sys_color=C1470,sys_color_description=TORTORA,sys_color_hex=766140,sys_modello=CP 10071CI 322,sys_size=I,gruppo_articoli=AC-ACCESSORI,variante=CI,campagna_acquisti=AI22,cod=CP 10071CI 322-C1470-I,sys_barcode=2100039320013",
1,"Catalog, Search",A011459,,Default,configurable,base,CINTURA-FIBBIA-RULLO-TORTORA-A011459,CINTURA FIBBIA RULLO TORTORA,,,1,10.000000,0,1990-01-01,1990-01-01,0.000000,1,,Default Category,sys_size=Taglia,"sys_category=118,sys_color=C1470,sys_color_description=TORTORA,sys_color_hex=766140,sys_modello=CP 10071CI 322,sys_size=I,gruppo_articoli=AC-ACCESSORI,variante=CI,campagna_acquisti=AI22,cod=CP 10071CI 322-C1470,sys_barcode=2100039320020|2100039320044|2100039320037|2100039320051|2100039320013","sku=A011459-II,sys_size=II|sku=A011459-IV,sys_size=IV|sku=A011459-III,sys_size=III|sku=A011459-V,sys_size=V|sku=A011459-I,sys_size=I"
1,Not Visible Individually,A011411-V,,Default,simple,base,CINTURA-CON-BORCHIE-NERO-A011411-V,CINTURA CON BORCHIE NERO,,,1,30.000000,0,1990-01-01,1990-01-01,0.000000,1,,Default Category,sys_size=Taglia,"sys_category=118,sys_color=C1199,sys_color_description=NERO,sys_color_hex=10101,sys_modello=IR 10062CI 322,sys_size=V,composizione=100% PELLE,gruppo_articoli=AC-ACCESSORI,variante=CI,campagna_acquisti=AI22,cod=IR 10062CI 322-C1199-V,sys_barcode=2100039272053",
1,Not Visible Individually,A011411-III,,Default,simple,base,CINTURA-CON-BORCHIE-NERO-A011411-III,CINTURA CON BORCHIE NERO,,,1,30.000000,0,1990-01-01,1990-01-01,0.000000,1,,Default Category,sys_size=Taglia,"sys_category=118,sys_color=C1199,sys_color_description=NERO,sys_color_hex=10101,sys_modello=IR 10062CI 322,sys_size=III,composizione=100% PELLE,gruppo_articoli=AC-ACCESSORI,variante=CI,campagna_acquisti=AI22,cod=IR 10062CI 322-C1199-III,sys_barcode=2100039272039",
1,Not Visible Individually,A011411-IV,,Default,simple,base,CINTURA-CON-BORCHIE-NERO-A011411-IV,CINTURA CON BORCHIE NERO,,,1,30.000000,0,1990-01-01,1990-01-01,0.000000,1,,Default Category,sys_size=Taglia,"sys_category=118,sys_color=C1199,sys_color_description=NERO,sys_color_hex=10101,sys_modello=IR 10062CI 322,sys_size=IV,composizione=100% PELLE,gruppo_articoli=AC-ACCESSORI,variante=CI,campagna_acquisti=AI22,cod=IR 10062CI 322-C1199-IV,sys_barcode=2100039272046",
1,Not Visible Individually,A011411-I,,Default,simple,base,CINTURA-CON-BORCHIE-NERO-A011411-I,CINTURA CON BORCHIE NERO,,,1,30.000000,0,1990-01-01,1990-01-01,0.000000,1,,Default Category,sys_size=Taglia,"sys_category=118,sys_color=C1199,sys_color_description=NERO,sys_color_hex=10101,sys_modello=IR 10062CI 322,sys_size=I,composizione=100% PELLE,gruppo_articoli=AC-ACCESSORI,variante=CI,campagna_acquisti=AI22,cod=IR 10062CI 322-C1199-I,sys_barcode=2100039272015",
1,Not Visible Individually,A011411-II,,Default,simple,base,CINTURA-CON-BORCHIE-NERO-A011411-II,CINTURA CON BORCHIE NERO,,,1,30.000000,0,1990-01-01,1990-01-01,0.000000,1,,Default Category,sys_size=Taglia,"sys_category=118,sys_color=C1199,sys_color_description=NERO,sys_color_hex=10101,sys_modello=IR 10062CI 322,sys_size=II,composizione=100% PELLE,gruppo_articoli=AC-ACCESSORI,variante=CI,campagna_acquisti=AI22,cod=IR 10062CI 322-C1199-II,sys_barcode=2100039272022",
1,"Catalog, Search",A011411,,Default,configurable,base,CINTURA-CON-BORCHIE-NERO-A011411,CINTURA CON BORCHIE NERO,,,1,30.000000,0,1990-01-01,1990-01-01,0.000000,1,,Default Category,sys_size=Taglia,"sys_category=118,sys_color=C1199,sys_color_description=NERO,sys_color_hex=10101,sys_modello=IR 10062CI 322,sys_size=II,composizione=100% PELLE,gruppo_articoli=AC-ACCESSORI,variante=CI,campagna_acquisti=AI22,cod=IR 10062CI 322-C1199,sys_barcode=2100039272053|2100039272039|2100039272046|2100039272015|2100039272022","sku=A011411-V,sys_size=V|sku=A011411-III,sys_size=III|sku=A011411-IV,sys_size=IV|sku=A011411-I,sys_size=I|sku=A011411-II,sys_size=II"
1,Not Visible Individually,A011412-II,,Default,simple,base,CINTURA-CON-BORCHIE-MORO-A011412-II,CINTURA CON BORCHIE MORO,,,1,30.000000,0,1990-01-01,1990-01-01,0.000000,1,,Default Category,sys_size=Taglia,"sys_category=118,sys_color=C1590,sys_color_description=MORO,sys_color_hex=261202,sys_modello=IR 10062CI 322,sys_size=II,composizione=100% PELLE,gruppo_articoli=AC-ACCESSORI,variante=CI,campagna_acquisti=AI22,cod=IR 10062CI 322-C1590-II,sys_barcode=2100039273029",
1,Not Visible Individually,A011412-I,,Default,simple,base,CINTURA-CON-BORCHIE-MORO-A011412-I,CINTURA CON BORCHIE MORO,,,1,30.000000,0,1990-01-01,1990-01-01,0.000000,1,,Default Category,sys_size=Taglia,"sys_category=118,sys_color=C1590,sys_color_description=MORO,sys_color_hex=261202,sys_modello=IR 10062CI 322,sys_size=I,composizione=100% PELLE,gruppo_articoli=AC-ACCESSORI,variante=CI,campagna_acquisti=AI22,cod=IR 10062CI 322-C1590-I,sys_barcode=2100039273012",
1,Not Visible Individually,A011412-IV,,Default,simple,base,CINTURA-CON-BORCHIE-MORO-A011412-IV,CINTURA CON BORCHIE MORO,,,1,30.000000,0,1990-01-01,1990-01-01,0.000000,1,,Default Category,sys_size=Taglia,"sys_category=118,sys_color=C1590,sys_color_description=MORO,sys_color_hex=261202,sys_modello=IR 10062CI 322,sys_size=IV,composizione=100% PELLE,gruppo_articoli=AC-ACCESSORI,variante=CI,campagna_acquisti=AI22,cod=IR 10062CI 322-C1590-IV,sys_barcode=2100039273043",
1,Not Visible Individually,A011412-III,,Default,simple,base,CINTURA-CON-BORCHIE-MORO-A011412-III,CINTURA CON BORCHIE MORO,,,1,30.000000,0,1990-01-01,1990-01-01,0.000000,1,,Default Category,sys_size=Taglia,"sys_category=118,sys_color=C1590,sys_color_description=MORO,sys_color_hex=261202,sys_modello=IR 10062CI 322,sys_size=III,composizione=100% PELLE,gruppo_articoli=AC-ACCESSORI,variante=CI,campagna_acquisti=AI22,cod=IR 10062CI 322-C1590-III,sys_barcode=2100039273036",
1,Not Visible Individually,A011412-V,,Default,simple,base,CINTURA-CON-BORCHIE-MORO-A011412-V,CINTURA CON BORCHIE MORO,,,1,30.000000,0,1990-01-01,1990-01-01,0.000000,1,,Default Category,sys_size=Taglia,"sys_category=118,sys_color=C1590,sys_color_description=MORO,sys_color_hex=261202,sys_modello=IR 10062CI 322,sys_size=V,composizione=100% PELLE,gruppo_articoli=AC-ACCESSORI,variante=CI,campagna_acquisti=AI22,cod=IR 10062CI 322-C1590-V,sys_barcode=2100039273050",
1,"Catalog, Search",A011412,,Default,configurable,base,CINTURA-CON-BORCHIE-MORO-A011412,CINTURA CON BORCHIE MORO,,,1,30.000000,0,1990-01-01,1990-01-01,0.000000,1,,Default Category,sys_size=Taglia,"sys_category=118,sys_color=C1590,sys_color_description=MORO,sys_color_hex=261202,sys_modello=IR 10062CI 322,sys_size=V,composizione=100% PELLE,gruppo_articoli=AC-ACCESSORI,variante=CI,campagna_acquisti=AI22,cod=IR 10062CI 322-C1590,sys_barcode=2100039273029|2100039273012|2100039273043|2100039273036|2100039273050","sku=A011412-II,sys_size=II|sku=A011412-I,sys_size=I|sku=A011412-IV,sys_size=IV|sku=A011412-III,sys_size=III|sku=A011412-V,sys_size=V"
1,Not Visible Individually,A011414-III,,Default,simple,base,CINTURA-EFFETTO-USED-MORO-A011414-III,CINTURA EFFETTO USED MORO,,,1,25.000000,0,1990-01-01,1990-01-01,0.000000,1,,Default Category,sys_size=Taglia,"sys_category=118,sys_color=C1590,sys_color_description=MORO,sys_color_hex=261202,sys_modello=IR 10063CI 322,sys_size=III,composizione=100% PELLE,gruppo_articoli=AC-ACCESSORI,variante=CI,campagna_acquisti=AI22,cod=IR 10063CI 322-C1590-III,sys_barcode=2100039275030",
1,Not Visible Individually,A011414-I,,Default,simple,base,CINTURA-EFFETTO-USED-MORO-A011414-I,CINTURA EFFETTO USED MORO,,,1,25.000000,0,1990-01-01,1990-01-01,0.000000,1,,Default Category,sys_size=Taglia,"sys_category=118,sys_color=C1590,sys_color_description=MORO,sys_color_hex=261202,sys_modello=IR 10063CI 322,sys_size=I,composizione=100% PELLE,gruppo_articoli=AC-ACCESSORI,variante=CI,campagna_acquisti=AI22,cod=IR 10063CI 322-C1590-I,sys_barcode=2100039275016",
1,Not Visible Individually,A011414-V,,Default,simple,base,CINTURA-EFFETTO-USED-MORO-A011414-V,CINTURA EFFETTO USED MORO,,,1,25.000000,0,1990-01-01,1990-01-01,0.000000,1,,Default Category,sys_size=Taglia,"sys_category=118,sys_color=C1590,sys_color_description=MORO,sys_color_hex=261202,sys_modello=IR 10063CI 322,sys_size=V,composizione=100% PELLE,gruppo_articoli=AC-ACCESSORI,variante=CI,campagna_acquisti=AI22,cod=IR 10063CI 322-C1590-V,sys_barcode=2100039275054",
1,Not Visible Individually,A011414-II,,Default,simple,base,CINTURA-EFFETTO-USED-MORO-A011414-II,CINTURA EFFETTO USED MORO,,,1,25.000000,0,1990-01-01,1990-01-01,0.000000,1,,Default Category,sys_size=Taglia,"sys_category=118,sys_color=C1590,sys_color_description=MORO,sys_color_hex=261202,sys_modello=IR 10063CI 322,sys_size=II,composizione=100% PELLE,gruppo_articoli=AC-ACCESSORI,variante=CI,campagna_acquisti=AI22,cod=IR 10063CI 322-C1590-II,sys_barcode=2100039275023",
1,Not Visible Individually,A011414-IV,,Default,simple,base,CINTURA-EFFETTO-USED-MORO-A011414-IV,CINTURA EFFETTO USED MORO,,,1,25.000000,0,1990-01-01,1990-01-01,0.000000,1,,Default Category,sys_size=Taglia,"sys_category=118,sys_color=C1590,sys_color_description=MORO,sys_color_hex=261202,sys_modello=IR 10063CI 322,sys_size=IV,composizione=100% PELLE,gruppo_articoli=AC-ACCESSORI,variante=CI,campagna_acquisti=AI22,cod=IR 10063CI 322-C1590-IV,sys_barcode=2100039275047",
1,"Catalog, Search",A011414,,Default,configurable,base,CINTURA-EFFETTO-USED-MORO-A011414,CINTURA EFFETTO USED MORO,,,1,25.000000,0,1990-01-01,1990-01-01,0.000000,1,,Default Category,sys_size=Taglia,"sys_category=118,sys_color=C1590,sys_color_description=MORO,sys_color_hex=261202,sys_modello=IR 10063CI 322,sys_size=IV,composizione=100% PELLE,gruppo_articoli=AC-ACCESSORI,variante=CI,campagna_acquisti=AI22,cod=IR 10063CI 322-C1590,sys_barcode=2100039275030|2100039275016|2100039275054|2100039275023|2100039275047","sku=A011414-III,sys_size=III|sku=A011414-I,sys_size=I|sku=A011414-V,sys_size=V|sku=A011414-II,sys_size=II|sku=A011414-IV,sys_size=IV"
1,Not Visible Individually,A011460-V,,Default,simple,base,CINTURA-REVERSIBILE-MORO-A011460-V,CINTURA REVERSIBILE MORO,,,1,15.000000,0,1990-01-01,1990-01-01,0.000000,1,,Default Category,sys_size=Taglia,"sys_category=118,sys_color=C1590,sys_color_description=MORO,sys_color_hex=261202,sys_modello=CP 10072CI 322,sys_size=V,gruppo_articoli=AC-ACCESSORI,variante=CI,campagna_acquisti=AI22,cod=CP 10072CI 322-C1590-V,sys_barcode=2100039321058",
1,Not Visible Individually,A011460-III,,Default,simple,base,CINTURA-REVERSIBILE-MORO-A011460-III,CINTURA REVERSIBILE MORO,,,1,15.000000,0,1990-01-01,1990-01-01,0.000000,1,,Default Category,sys_size=Taglia,"sys_category=118,sys_color=C1590,sys_color_description=MORO,sys_color_hex=261202,sys_modello=CP 10072CI 322,sys_size=III,gruppo_articoli=AC-ACCESSORI,variante=CI,campagna_acquisti=AI22,cod=CP 10072CI 322-C1590-III,sys_barcode=2100039321034",
1,Not Visible Individually,A011460-II,,Default,simple,base,CINTURA-REVERSIBILE-MORO-A011460-II,CINTURA REVERSIBILE MORO,,,1,15.000000,0,1990-01-01,1990-01-01,0.000000,1,,Default Category,sys_size=Taglia,"sys_category=118,sys_color=C1590,sys_color_description=MORO,sys_color_hex=261202,sys_modello=CP 10072CI 322,sys_size=II,gruppo_articoli=AC-ACCESSORI,variante=CI,campagna_acquisti=AI22,cod=CP 10072CI 322-C1590-II,sys_barcode=2100039321027",
1,Not Visible Individually,A011460-IV,,Default,simple,base,CINTURA-REVERSIBILE-MORO-A011460-IV,CINTURA REVERSIBILE MORO,,,1,15.000000,0,1990-01-01,1990-01-01,0.000000,1,,Default Category,sys_size=Taglia,"sys_category=118,sys_color=C1590,sys_color_description=MORO,sys_color_hex=261202,sys_modello=CP 10072CI 322,sys_size=IV,gruppo_articoli=AC-ACCESSORI,variante=CI,campagna_acquisti=AI22,cod=CP 10072CI 322-C1590-IV,sys_barcode=2100039321041",
1,Not Visible Individually,A011460-I,,Default,simple,base,CINTURA-REVERSIBILE-MORO-A011460-I,CINTURA REVERSIBILE MORO,,,1,15.000000,0,1990-01-01,1990-01-01,0.000000,1,,Default Category,sys_size=Taglia,"sys_category=118,sys_color=C1590,sys_color_description=MORO,sys_color_hex=261202,sys_modello=CP 10072CI 322,sys_size=I,gruppo_articoli=AC-ACCESSORI,variante=CI,campagna_acquisti=AI22,cod=CP 10072CI 322-C1590-I,sys_barcode=2100039321010",
1,"Catalog, Search",A011460,,Default,configurable,base,CINTURA-REVERSIBILE-MORO-A011460,CINTURA REVERSIBILE MORO,,,1,15.000000,0,1990-01-01,1990-01-01,0.000000,1,,Default Category,sys_size=Taglia,"sys_category=118,sys_color=C1590,sys_color_description=MORO,sys_color_hex=261202,sys_modello=CP 10072CI 322,sys_size=I,gruppo_articoli=AC-ACCESSORI,variante=CI,campagna_acquisti=AI22,cod=CP 10072CI 322-C1590,sys_barcode=2100039321058|2100039321034|2100039321027|2100039321041|2100039321010","sku=A011460-V,sys_size=V|sku=A011460-III,sys_size=III|sku=A011460-II,sys_size=II|sku=A011460-IV,sys_size=IV|sku=A011460-I,sys_size=I"
1,Not Visible Individually,A011378-PZ,,Default,simple,base,ZAINO-TASCA-FRONTALE-NERO-A011378-PZ,ZAINO TASCA FRONTALE NERO,,,1,20.000000,0,1990-01-01,1990-01-01,10.000000,1,,Default Category,sys_size=Taglia,"sys_category=118,sys_color=C1199,sys_color_description=NERO,sys_color_hex=10101,sys_modello=LX 10077BS 322,sys_size=PZ,gruppo_articoli=AC-ACCESSORI,variante=BS,campagna_acquisti=AI22,cod=LX 10077BS 322-C1199-PZ,sys_barcode=2100039239018",
1,"Catalog, Search",A011378,,Default,configurable,base,ZAINO-TASCA-FRONTALE-NERO-A011378,ZAINO TASCA FRONTALE NERO,,,1,20.000000,0,1990-01-01,1990-01-01,10.000000,1,,Default Category,sys_size=Taglia,"sys_category=118,sys_color=C1199,sys_color_description=NERO,sys_color_hex=10101,sys_modello=LX 10077BS 322,sys_size=PZ,gruppo_articoli=AC-ACCESSORI,variante=BS,campagna_acquisti=AI22,cod=LX 10077BS 322-C1199,sys_barcode=2100039239018","sku=A011378-PZ,sys_size=PZ"
1,Not Visible Individually,A011595-PZ,,Default,simple,base,ZAINO-TASCA-FRONTALE-ALBICOCCA-A011595-PZ,ZAINO TASCA FRONTALE ALBICOCCA,,,1,20.000000,0,1990-01-01,1990-01-01,10.000000,1,,Default Category,sys_size=Taglia,"sys_category=118,sys_color=C1533,sys_color_description=ALBICOCCA,sys_color_hex=fbab71,sys_modello=LX 10077BS 322,sys_size=PZ,gruppo_articoli=AC-ACCESSORI,variante=BS,campagna_acquisti=AI22,cod=LX 10077BS 322-C1533-PZ,sys_barcode=2100039456019",
1,"Catalog, Search",A011595,,Default,configurable,base,ZAINO-TASCA-FRONTALE-ALBICOCCA-A011595,ZAINO TASCA FRONTALE ALBICOCCA,,,1,20.000000,0,1990-01-01,1990-01-01,10.000000,1,,Default Category,sys_size=Taglia,"sys_category=118,sys_color=C1533,sys_color_description=ALBICOCCA,sys_color_hex=fbab71,sys_modello=LX 10077BS 322,sys_size=PZ,gruppo_articoli=AC-ACCESSORI,variante=BS,campagna_acquisti=AI22,cod=LX 10077BS 322-C1533,sys_barcode=2100039456019|","sku=A011595-PZ,sys_size=PZ"
